GPSCoordinates.coordinates,GPSCoordinates.type,_id,additionalAttributes.verificationIndexPer10,address,faxNumbers,foundedIn,name,numberOfEmployeesRange,phoneNumbers,photos,source.added_by,source.identifier,website
"[38.767084,9.004895]",Point,62467dfca912b9b694b3cf97,5,"Bole, Behind Dembel City Center, Addis Ababa,Addis Ababa, Ethiopia",[],2006,ICON Center for Special Surgery,"[11,15]","[""+251911313399"",""+251930109751"",""+251118693194"",""+251930109751""]","[""https://www.ethyp.com/img/et/j/1458063252_80702.jpg"",""https://www.ethyp.com/img/et/s/1458063252_86409.jpg""]",Scraper,ethyp,https://www.facebook.com/ethioplasticsurgery/
"[38.7473314,9.02384]",Point,62467dfca912b9b694b3cf98,5,"P.O.Box 21714/1000,Addis Ababa, Ethiopia","[""+251-115545732""]",,HOSPITAL YORDANOS ORTHOPEDIC,[],"[""+251-115545726"",""+251-115545726"",""+251-115545727"",""+251-115545728"",""+251-115545729"",""+251-115545730""]","[""https://www.ethyp.com/img/et/m/1637606701-58-hospital-yordanos-orthopedic.jpg"",""https://www.ethyp.com/img/et/x/1637606695-97-hospital-yordanos-orthopedic.jpg""]",Scraper,ethyp,https://www.yordanoshospital.com/
"[38.7276472,9.047605]",Point,62467dfca912b9b694b3cf99,5,"Swaziland St,Addis Ababa, Ethiopia","[""+251112774787""]",,HOSPITAL ST PAULOS,[],"[""+251 11 275 0125""]","[""https://www.ethyp.com/img/et/h/1634496773-25-hospital-st-paulos.png"",""https://www.ethyp.com/img/et/b/1634496767-12-hospital-st-paulos.jpg""]",Scraper,ethyp,https://www.facebook.com/sphmmc/
"[38.7931029,8.9944346]",Point,62467dfca912b9b694b3cf9a,5,"Addis Ababa,Addis Ababa, Ethiopia","[""0116620880""]",,HAYAT HOSPITAL,[],"[""+251 116 624488"",""+251 909 464646""]","[""https://www.ethyp.com/img/et/g/1634376851-64-hayat-hospital.jpg"",""https://www.ethyp.com/img/et/e/1634376846-96-hayat-hospital.jpg""]",Scraper,ethyp,https://hayathospitalmc.com/
"[38.7805824,9.0037327]",Point,62467dfca912b9b694b3cf9b,5,"Bole sub city, Atlas area, Behind Washington Hotel,Addis Ababa, Ethiopia",[],,"CHOICE Children's Speciality Clinic",[],"[""+251 11 618 3330"",""+251 11 822 9362"",""+251911035247""]","[""https://www.ethyp.com/img/et/j/1637600867-26-choice-children-s-speciality-clinic.png"",""https://www.ethyp.com/img/et/k/1637600860-90-choice-children-s-speciality-clinic.jpg""]",Scraper,ethyp,https://choicechildrenclinic.com/
"[38.7999757008474,9.1905531197141]",Point,62467dfca912b9b694b3cf9c,5,"Kebele 02, P.O.Box 1531/1250,Addis Ababa, Ethiopia","[""0116639291""]",2006,PIONEER DIAGNOSTIC CENTER PLC,"[101,200]","[""01116183335"",""01116183336"",""0908656565""]","[""https://www.ethyp.com/img/et/n/1634407757-24-pioneer-diagnostic-center-plc.jpg"",""https://www.ethyp.com/img/et/c/1634407751-15-pioneer-diagnostic-center-plc.jpg""]",Scraper,ethyp,http://www.pdc-et.com
"[38.7209815,9.0373182]",Point,62467dfca912b9b694b3cf9d,5,"Sefere Selam, P.O.BOX 9465,Addis Ababa, Ethiopia","[""+251112782075""]",,HOSPITAL ETHIO TEBIB,[],"[""+251 11 213 93 00"",""+251935402078""]","[""https://www.ethyp.com/img/et/n/1634403126-37-hospital-ethio-tebib.jpg"",""https://www.ethyp.com/img/et/c/1634403121-19-hospital-ethio-tebib.jpg""]",Scraper,ethyp,https://www.facebook.com/ethiotebib/
"[38.746219,9.0309861]",Point,62467dfca912b9b694b3cf9e,5,"Woreda 01, Arada Sub-city, P.O.Box 101077,Addis Ababa, Ethiopia","[""+251114670922""]",,BADREG PLC,[],"[""+251 11 4671010"",""+251 11 4670999"",""+251 11 4163810"",""+251 11 264015"",""+251 11 264031"",""+251911201243""]","[""https://www.ethyp.com/img/et/a/1637162379-15-badreg-plc.gif"",""https://www.ethyp.com/img/et/b/1637162372-22-badreg-plc.gif""]",Scraper,ethyp,http://www.badregplc.com/contact.html
"[38.750539759274,9.02251670377607]",Point,62467dfca912b9b694b3cf9f,5,"Zambia street,Addis Ababa, Ethiopia",[],2015,Droga Physiotherapy Speciality Clinic,"[16,25]","[""0974959595""]","[""https://www.ethyp.com/img/et/x/1555683591-92-droga-physiotherapy-speciality-clinic.jpg"",""https://www.ethyp.com/img/et/k/1555683591-99-droga-physiotherapy-speciality-clinic.jpg"",""https://www.ethyp.com/img/et/f/1555683591-49-droga-physiotherapy-speciality-clinic.jpg"",""https://www.ethyp.com/img/et/f/1555683591-49-droga-physiotherapy-speciality-clinic.jpg""]",Scraper,ethyp,http://www.drogaphysiotherapy.com
"[38.7542463,9.0296507]",Point,62467dfca912b9b694b3cfa0,5,"Dej. Jote St,Addis Ababa, Ethiopia",[],,GOJEB DENTAL CLINIC,[],"[""011 155 1843""]","[""https://www.ethyp.com/img/et/h/1634562669-27-gojeb-dental-clinic.jpg""]",Scraper,ethyp,https://www.facebook.com/GOJEB-Dental-Clinic-353236174887448/
"[38.78472,8.99012]",Point,62467dfca912b9b694b3cfa1,5,"Main Branch - Bole Road, Alem Building (Behind Alem Cinema); Branch 2 - Gotera Condominium (Inside Hallelujah Hospital) ; Branch 3 - Around Black Lion Hospital (Near Radio Fana Broadcasting Corporation) Kebele 02, P.O.Box 1531/1250 Addis Ababa, Ethiopia.,Addis Ababa","[""0116639291""]",2006,PIONEER DIAGNOSTIC CENTER PLC,"[51,100]","[""01116183336"",""01116183335"",""0908656565"",""0908646464"",""0908696969"",""0906202326""]","[""https://www.ethyp.com/img/et/e/1611573726-27-pioneer-diagnostic-center-plc.png"",""https://www.ethyp.com/img/et/e/1611573643-80-pioneer-diagnostic-center-plc.jpg""]",Scraper,ethyp,http://www.pdc-et.com
"[38.7909608,9.0281205]",Point,62467dfca912b9b694b3cfa2,5,"Menarol Building, Fikremariam Aba Techan St,Addis Ababa, Ethiopia",[],,Dr. EMEBET SPECIAL DENTAL CLINIC,[],"[""+251-911-404917"",""+251-116-181357""]","[""https://www.ethyp.com/img/et/l/1634580353-92-dr-emebet-special-dental-clinic.jpg"",""https://www.ethyp.com/img/et/h/1634580348-91-dr-emebet-special-dental-clinic.jpg""]",Scraper,ethyp,https://dremebetclinic.com/welcome
"[38.7549081,9.0128095]",Point,62467dfca912b9b694b3cfa3,5,"Next to Addis Ababa Stadium,Addis Ababa, Ethiopia","[""+251115541501""]",,BETHZATHA HOSPITAL,[],"[""+251 11 551 4141""]","[""https://www.ethyp.com/img/et/z/1634319582-13-bethzatha-hospital.jpg"",""https://www.ethyp.com/img/et/r/1634319574-10-bethzatha-hospital.jpg""]",Scraper,ethyp,https://bethzatha.com/
"[38.7553896,9.0357901]",Point,62467dfca912b9b694b3cfa4,5,"Haile Selassie St,Addis Ababa, Ethiopia",[],,Arsho Higher Clinic,[],"[""011 663 6877""]",[],Scraper,ethyp,
,,62467dfca912b9b694b3cfa5,5,"mexico k kare center ,Addis Ababa, Ethiopia",[],1995,TIANSHI ETHIOPIA BUSINESS PLC,[],"[""+251115501066"",""+251912110524""]","[""https://www.ethyp.com/img/et/e/1374829723_73421.gif"",""https://www.ethyp.com/img/et/d/1374829723_20819.png""]",Scraper,ethyp,http://www.tiens.com
,,62467dfca912b9b694b3cfa6,5,"P.O.Box 21714/1000,Addis Ababa, Ethiopia","[""+251-115545732""]",,Yordanos Hospital,[],"[""+251-115545726"",""+251-115545727"",""+251-115545728"",""+251-115545729"",""+251-115545730""]","[""https://www.ethyp.com/img/et/r/1637866521-92-yordanos-hospital.jpg"",""https://www.ethyp.com/img/et/n/1637866516-57-yordanos-hospital.jpg""]",Scraper,ethyp,https://www.yordanoshospital.com/
"[38.2006162405014,10.4518778733263]",Point,62467dfca912b9b694b3cfa7,5,"Bichena town, belay zeleke blg, office 24,Bichena, Ethiopia",[],2020,Dima industries and service s.c,"[101,200]","[""0911900041"",""+251913745819""]",[],Scraper,ethyp,
"[38.7392875912067,9.03526439114321]",Point,62467dfca912b9b694b3cfa8,5,"Gojam berenda,Addis Ababa, Ethiopia","[""00251112733900""]",1998,Hiwot Fana internal medicine special clinic,"[11,15]","[""+251 112733900"",""+251911237718""]",[],Scraper,ethyp,
"[38.7718476,8.9995645]",Point,62467dfca912b9b694b3cfa9,5,Addis Ababa,[],,Ewen Chiropractic Higher Clinic,[],"[""+251 11 467 3787"",""+251963202020""]","[""https://www.ethyp.com/img/et/e/1634667586-67-ewen-chiropractic-higher-clinic.jpg""]",Scraper,ethyp,https://www.facebook.com/ewenchiropracticclinic/
"[38.7967734,9.0172871]",Point,62467dfca912b9b694b3cfaa,5,"2Q8W+WP6,Addis Ababa, Ethiopia",[],,UNION SPECIAL DENTAL CLINIC,[],"[""+251 11 661 5871"",""+251910720480""]","[""https://www.ethyp.com/img/et/c/1637436776-21-union-special-dental-clinic.jpg""]",Scraper,ethyp,https://www.facebook.com/UNIONODONT/
"[37.5502427358803,9.67957058543015]",Point,62467dfca912b9b694b3cfab,5,"Horo Guduru Welega,Kombolcha, Ethiopia",[],2017,Dedu Primary Clinic (KILIINIKA JALQABAA DADUU).,"[1,5]","[""0911038016"",""0912664488""]","[""https://www.ethyp.com/img/et/x/1633845362-72-dedu-primary-clinic-kiliinika-jalqabaa-daduu.jpg"",""https://www.ethyp.com/img/et/h/1633842352-57-dedu-primary-clinic-kiliinika-jalqabaa-daduu.png"",""https://www.ethyp.com/img/et/e/1623992393-71-dedu-primary-clinic-kiliinika-jalqabaa-daduu.jpg"",""https://www.ethyp.com/img/et/e/1623992393-71-dedu-primary-clinic-kiliinika-jalqabaa-daduu.jpg""]",Scraper,ethyp,
"[38.7445739,9.0184987]",Point,62467dfca912b9b694b3cfac,5,"Dej Wolde Mikael St,Addis Ababa, Ethiopia",[],,ABENET HIGHER CLINIC,[],"[""+251 11 654 1747""]","[""https://www.ethyp.com/img/et/g/1637944595-95-abenet-higher-clinic.jpg""]",Scraper,ethyp,https://www.facebook.com/AbenetHigherClinic/?ref=page_internal
"[37.5842254121768,9.49332984353977]",Point,62467dfca912b9b694b3cfad,5,"Horo Guduru Weleg Hababo Guduru District Kenate Biya city.,Kombolcha, Ethiopia",[],2017,Kenate Biya Primary Clinic,"[1,5]","[""0911038016"",""0912664488"",""0912664488""]","[""https://www.ethyp.com/img/et/a/1626235144-73-kenate-biya-primary-clinic.jpg"",""https://www.ethyp.com/img/et/f/1626235041-40-kenate-biya-primary-clinic.jpg"",""https://www.ethyp.com/img/et/b/1626234953-38-kenate-biya-primary-clinic.jpg"",""https://www.ethyp.com/img/et/b/1626234953-38-kenate-biya-primary-clinic.jpg""]",Scraper,ethyp,
"[38.7865198,8.9967374]",Point,62467dfca912b9b694b3cfae,5,"Camerron st. Bole Medihanyalem Next to Harmoney Hotel, Morning Star Mall 3rd floor , Office No -319D,Addis Ababa, Ethiopia",[],,Ethio LifeLine Consultancy,[],"[""+251 91 155 3435"",""+251911553435""]","[""https://www.ethyp.com/img/et/n/1637950125-37-ethio-lifeline-consultancy.jpg""]",Scraper,ethyp,https://www.facebook.com/EthioLifeLineConsultancy/
"[38.7834092,9.0128689]",Point,62467dfca912b9b694b3cfaf,5,"P.O. box: 170023,Addis Ababa, Ethiopia","[""+251-116-63-96-94""]",,ADDIS HIWOT HOSPITAL PLC,[],"[""+251 11 618 0449"",""+251 11 662 3915"",""7560""]","[""https://www.ethyp.com/img/et/l/1634321109-52-addis-hiwot-hospital-plc.jpg""]",Scraper,ethyp,https://addishiwotgeneralhospital.com/
"[38.7577605,8.9806034]",Point,62467dfca912b9b694b3cfb0,5,"Woreda 7, Bole Sub City , Kebele 14/15 Gerji Mebrat Hail, Around Jacrose Homes, P.O.Box 9036,Addis Ababa, Ethiopia","[""+251-116-670346""]",,EAST AFRICAN PHARMACEUTICALS PLC.,[],"[""+251 11 646 1457"",""+251 11 646 1762"",""+251962397120""]","[""https://www.ethyp.com/img/et/d/1634833587-63-east-african-pharmaceuticals-plc.jpg""]",Scraper,ethyp,http://www.eastafricanpharma.com/
"[38.7549081,9.0128095]",Point,62467dfca912b9b694b3cfb1,5,"Next to Addis Ababa Stadium,Addis Ababa, Ethiopia",[],,BETZATHA GENERAL HOSPITAL,[],"[""+251 11 551 4141"",""7477""]","[""https://www.ethyp.com/img/et/n/1638111994-83-betzatha-general-hospital.jpg"",""https://www.ethyp.com/img/et/r/1638112000-69-betzatha-general-hospital.jpg""]",Scraper,ethyp,https://bethzatha.com/
"[38.7636817,9.0335063]",Point,62467dfca912b9b694b3cfb2,5,"welo sefer, in front of addis abeba bible college,Addis Ababa, Ethiopia",[],2016,ALPHA CARDIAC SPECIALTY CLINIC,"[16,25]","[""011 8 885419"",""0929099252""]","[""https://www.ethyp.com/img/et/k/1499067643-59-alpha-cardiac-specialty-clinic.jpg""]",Scraper,ethyp,https://www.facebook.com/alphacsc/
"[38.7577605,8.9806034]",Point,62467dfca912b9b694b3cfb3,5,"Kebele 19, 702, P.O.Box 34738,Addis Ababa, Ethiopia","[""+251112751754""]",,DAT INTERNATIONAL TRADING PLC,[],"[""+251 11 2764071"",""+251 11 2764072"",""+251 11 2771754"",""+251911223578""]",[],Scraper,ethyp,
,,62467dfca912b9b694b3cfb4,0,NAZARETH,[],,CLINIC NOAH,[],"[""(251) 022 111 01 82"",""091 140 51 03""]",[],Scraper,ethyp,
,,62467dfca912b9b694b3cfb5,0,"P.O.BOX 870, NAZARETH",[],,CLINIC MEDHIN,[],"[""(251) 022 111 08 99"",""091 125 35 62""]",[],Scraper,ethyp,
,,62467dfca912b9b694b3cfb6,0,"P.O.BOX 40419,Addis Ababa, Ethiopia",[],,CLINIC GETA HIGHER,[],"[""(251) 011 320 19 74"",""091 212 59 59""]",[],Scraper,ethyp,
,,62467dfca912b9b694b3cfb7,0,Addis Ababa,[],,CLINIC BLUE & WHITE,[],"[""(251) 011 661 34 20"",""091 196 28 31""]",[],Scraper,ethyp,
"[38.7935202,8.9900395]",Point,62467dfca912b9b694b3cfb8,5,"XQRV+2C6,Addis Ababa, Ethiopia",[],,BRAS MATERNITY AND CHILDREN HOSPITAL,[],"[""+251 11 662 0092"",""+251 11 618 9696""]","[""https://www.ethyp.com/img/et/n/1638107743-56-bras-maternity-and-children-hospital.jpg""]",Scraper,ethyp,
"[38.7494291,9.0211114]",Point,62467dfca912b9b694b3cfb9,5,"Zambia St,Addis Ababa, Ethiopia",[],,BLACK LION HOSPITAL,[],"[""+251 11 111 1111"",""+251 11 550 5980""]","[""https://www.ethyp.com/img/et/n/1637936771-88-black-lion-hospital.jpg""]",Scraper,ethyp,
"[38.7937384,9.0125103]",Point,62467dfca912b9b694b3cfba,5,"2Q7V+2F5,Addis Ababa, Ethiopia",[],,BGM MEDICAL SERVICE,[],"[""+251 11 618 7035"",""+251 11 551 1767""]","[""https://www.ethyp.com/img/et/z/1637694605-53-bgm-medical-service.png""]",Scraper,ethyp,
"[38.8100855,8.9831138]",Point,62467dfca912b9b694b3cfbb,5,"Kebele 10, 265/1, P.O.Box 55485,Addis Ababa, Ethiopia",[],,KALE DENTAL CLINIC PLC,[],"[""+251 11 1558394"",""+251911231087""]","[""https://www.ethyp.com/img/et/m/1637691010-26-kale-dental-clinic-plc.jpg""]",Scraper,ethyp,
,,62467dfca912b9b694b3cfbc,0,"P.O.BOX 2704,Addis Ababa, Ethiopia","[""(251)0115513388""]",,POLY CLINIC TRUST,[],"[""(251) 011 551 10 70""]",[],Scraper,ethyp,
"[38.7316071,9.0333625]",Point,62467dfca912b9b694b3cfbd,5,"Werda 05 House 422-423,Addis Ababa, Ethiopia","[""+251111552799""]",,PHARMA SHARE COMPANY,[],"[""+251111550207"",""+251111578066"",""+251911200549""]","[""https://www.ethyp.com/img/et/r/1637935426-57-pharma-share-company.jpg""]",Scraper,ethyp,
"[38.8419483,9.0219349]",Point,62467dfca912b9b694b3cfbe,5,"2RCR+QQG,Addis Ababa, Ethiopia",[],,KAL DENTAL CLINIC,[],"[""011 155 8394""]","[""https://www.ethyp.com/img/et/r/1634407970-80-kal-dental-clinic.jpg"",""https://www.ethyp.com/img/et/h/1634407964-85-kal-dental-clinic.jpg""]",Scraper,ethyp,
,,62467dfca912b9b694b3cfbf,0,"P.O.BOX 15328,Addis Ababa, Ethiopia","[""(251)0116620755""]",,CLINIC THE CENTER FOR EYE CARE,[],"[""(251) 011 663 94 05""]",[],Scraper,ethyp,
,,62467dfca912b9b694b3cfc0,0,"P.O.BOX 28137,Addis Ababa, Ethiopia","[""(251)0114431376""]",,CLINIC TESFA,[],"[""(251) 011 440 55 28""]",[],Scraper,ethyp,
,,62467dfca912b9b694b3cfc1,0,"P.O.BOX 24078,Addis Ababa, Ethiopia","[""(251)0111572435""]",,CLINIC TEKLEHAIMANOT HIGHER CLINIC,[],"[""(251) 011 111 55 01""]",[],Scraper,ethyp,
,,62467dfca912b9b694b3cfc2,0,"P.O.BOX 13346,Addis Ababa, Ethiopia","[""(251)0116614821""]",,CLINIC GOLLEYE,[],"[""(251) 011 661 48 21""]",[],Scraper,ethyp,
"[38.7660702,9.0417643]",Point,62467dfca912b9b694b3cfc3,5,"Russia St,Addis Ababa, Ethiopia",[],,ZOYA CLINIC,[],"[""+251 11 122 5172"",""+251911648337""]",[],Scraper,ethyp,
"[38.755002,9.038771]",Point,62467dfca912b9b694b3cfc4,5,"10,Addis Ababa, Ethiopia",[],,SHEGER HIGHER CLINIC,[],"[""+251 11 111 2910"",""+251911404880""]",[],Scraper,ethyp,
,,62467dfca912b9b694b3cfc5,0,Addis Ababa,[],,POLY CLINIC ADDIS ABABA,[],"[""(251) 011 551 93 33""]",[],Scraper,ethyp,
"[38.7358135,9.0157764]",Point,62467dfca912b9b694b3cfc6,5,"2P8P+888,Addis Ababa, Ethiopia","[""+251115513979""]",,Niat Special Dermatology & STD Clinic,[],"[""+251 11 552 3288"",""+251 11 551 4985""]",[],Scraper,ethyp,
,,62467dfca912b9b694b3cfc7,0,Mekelle,[],,MESKEREM CLINIC,[],"[""034 440 9944""]",[],Scraper,ethyp,
"[38.7947945,8.9943874]",Point,62467dfca912b9b694b3cfc8,5,"In front of MOENCO around Bole Medhanealem,Addis Ababa, Ethiopia",[],,GRACE MEDIUM CLINIC,[],"[""+251 11 439 1988"",""+251911407286""]",[],Scraper,ethyp,
,,62467dfca912b9b694b3cfc9,0,Nazareth,[],,Dr. Abebe Alemayehu Clinic,[],"[""022 111 2105""]",[],Scraper,ethyp,
"[38.7221366,8.9809942]",Point,62467dfca912b9b694b3cfca,5,"South Africe St., around Bisrate Gebriel Church, KebeleWereda:05,Addis Ababa, Ethiopia","[""(251)0113725864""]",,CLINIC BROOK MEDICAL SERVICE,[],"[""(251) 011 551 34 35""]",[],Scraper,ethyp,
"[38.7277989,9.0335527]",Point,62467dfca912b9b694b3cfcb,5,"2PMH+C4F,Addis Ababa, Ethiopia",[],,BOLE HIGHER CLINIC,[],"[""+251 11 662 4033"",""+251 11 661 0496"",""+251930109857""]",[],Scraper,ethyp,
,,62467dfca912b9b694b3cfcc,0,"24517,Addis Ababa, Ethiopia",[],,Yamrot Engineering,[],"[""011 213 4505""]",[],Scraper,ethyp,
"[38.7734625,9.0641681]",Point,62467dfca912b9b694b3cfcd,5,"Kebele 15, 379, P.O.Box 3567,Addis Ababa, Ethiopia","[""+251111558766""]",,UNIVERSAL HIGHER CLINIC,[],"[""+251115515794"",""+251911213419""]",[],Scraper,ethyp,
"[38.7399599,9.0033977]",Point,62467dfca912b9b694b3cfce,5,"2P3Q+9X4,Addis Ababa, Ethiopia",[],,UNITED VISION MEDICAL SERVICE,[],"[""+251 11 552 7190"",""+251 11 552 7191""]","[""https://www.ethyp.com/img/et/c/1634390587-32-united-vision-medical-service.png""]",Scraper,ethyp,
"[38.7155837,8.9952813]",Point,62467dfca912b9b694b3cfcf,5,"XPW8+468,Addis Ababa, Ethiopia",[],,TZNA GENERAL HOSPITAL,[],"[""+251 11 371 1208""]","[""https://www.ethyp.com/img/et/a/1634752735-79-tzna-general-hospital.png""]",Scraper,ethyp,
,,62467dfca912b9b694b3cfd0,0,"15328,Addis Ababa, Ethiopia",[],,The Center For Eye Care Plc,[],"[""011 662 0754""]",[],Scraper,ethyp,
"[38.8162197,9.003772]",Point,62467dfca912b9b694b3cfd1,5,"2R38+GF5,Addis Ababa, Ethiopia",[],,SEYOUM SPECIAL EYE CLINIC,[],"[""+251 11 646 3611"",""+251 11 155 3621""]","[""https://www.ethyp.com/img/et/x/1635011596-47-seyoum-special-eye-clinic.jpg""]",Scraper,ethyp,
"[38.7598434,8.9892054]",Point,62467dfca912b9b694b3cfd2,5,"XQQ5+MWP,Addis Ababa, Ethiopia",[],,SENAY CLINIC,[],"[""+251 11 466 1421""]","[""https://www.ethyp.com/img/et/l/1638109668-72-senay-clinic.jpg""]",Scraper,ethyp,
,,62467dfca912b9b694b3cfd3,5,"Kebele 18, 659, P.O.Box 100043,Addis Ababa, Ethiopia","[""+251115513677""]",,ALMETA IMPEX PLC,[],"[""+251 11 5534222"",""+251 11 5515552"",""+251 11 5515446"",""+251911254641""]","[""https://www.ethyp.com/img/et/e/1637247138-25-almeta-impex-plc.png""]",Scraper,ethyp,
,,62467dfca912b9b694b3cfd4,5,Addis Ababa,[],,SELAM CLINIC,[],"[""+251 11 111 3153""]","[""https://www.ethyp.com/img/et/b/1637590187-82-selam-clinic.jpg""]",Scraper,ethyp,
,,62467dfca912b9b694b3cfd5,0,"1531 Code 1250,Addis Ababa, Ethiopia",[],,Pioneer Diagnostic Center Pvt.Ltd.Co.,[],"[""011 618 3336""]",[],Scraper,ethyp,http://www.pioneerdiagnosticcenter.com
"[38.7650107,8.9553488]",Point,62467dfca912b9b694b3cfd6,5,"A1,Addis Ababa, Ethiopia",[],,ZENBABA GENERAL HOSPITAL,[],"[""+251 11 443 1992""]",[],Scraper,ethyp,
"[38.7509102,9.029216]",Point,62467dfca912b9b694b3cfd7,5,"2QH2+M9M,Addis Ababa, Ethiopia",[],,UNIVERSAL MEDICAL CENTER,[],"[""+251 11 155 0336"",""+251 11 551 5794""]",[],Scraper,ethyp,
"[38.7577605,8.9806034]",Point,62467dfca912b9b694b3cfd8,5,Addis Ababa,[],,TESFA HIGHER CLINIC,[],"[""+251111570232""]",[],Scraper,ethyp,
"[38.7577605,8.9806034]",Point,62467dfca912b9b694b3cfd9,5,"Ambachew Gizachew Street,Addis Ababa, Ethiopia",[],,SUNSHINE HIGHER CLINIC,[],"[""011 123 2763""]",[],Scraper,ethyp,
"[38.741174,9.0025755]",Point,62467dfca912b9b694b3cfda,5,"Roosevelt St,Addis Ababa, Ethiopia",[],,SHEBELE HIGHER CLINIC,[],"[""+251 11 552 5330""]",[],Scraper,ethyp,
"[38.7598434,8.9892054]",Point,62467dfca912b9b694b3cfdb,5,"XQQ5+MWP,Addis Ababa, Ethiopia",[],,SENAY HIGHER CLINIC,[],"[""+251 11 466 1421""]",[],Scraper,ethyp,
"[38.7731001,9.005343]",Point,62467dfca912b9b694b3cfdc,5,"Unnamed Road,Addis Ababa, Ethiopia",[],,3S CHILDREN S CLINIC,[],"[""+251 11 655 1000""]",[],Scraper,ethyp,
"[38.7577605,8.9806034]",Point,62467dfca912b9b694b3cfdd,5,Addis Ababa,[],,SARIS HIGHER CLINIC,[],"[""011 440 0436""]",[],Scraper,ethyp,
"[38.7358135,9.0157764]",Point,62467dfca912b9b694b3cfde,5,"2P8P+888,Addis Ababa, Ethiopia",[],,NIYAT CLINIC,[],"[""+251 11 552 3288"",""+251 11 551 4985""]",[],Scraper,ethyp,
"[38.7956182,9.0185849]",Point,62467dfca912b9b694b3cfdf,5,"2Q9W+C6Q,Addis Ababa, Ethiopia",[],,NATIONAL GENERAL HOSPITAL PLC,[],"[""+251 11 662 0479""]",[],Scraper,ethyp,
"[38.7577605,8.9806034]",Point,62467dfca912b9b694b3cfe0,5,Addis Ababa,[],,MESTAD DERMATOLOGY CLINIC,[],"[""011 663 5212""]",[],Scraper,ethyp,
"[38.6380578,8.9634897]",Point,62467dfca912b9b694b3cfe1,5,Addis Ababa,[],,LEALEM HIGHER CLINIC,[],"[""+251 11 552 3563""]",[],Scraper,ethyp,
"[38.7514497,9.0376216]",Point,62467dfca912b9b694b3cfe2,5,"2QQ2+2HW,Addis Ababa, Ethiopia",[],,FIRST CHIROPRACTIC AND REHABILITATION WELLNESS CLINIC,[],"[""011 372 5876""]",[],Scraper,ethyp,
,,62467dfca912b9b694b3cfe3,5,"Kebele 17, 403/17-20, P.O.Box 121206,Addis Ababa, Ethiopia","[""+251114392011""]",,FAWES PHARMACEUTICALS PLC,[],"[""+251 11 4392011"",""+251 11 6523648"",""+251911235083""]",[],Scraper,ethyp,
,,62467dfca912b9b694b3cfe4,5,Addis Ababa,"[""+251115157744""]",,C.N MAKRIS & COMPANY LTD,[],"[""+251115150290"",""+251115155555"",""+251115157773"",""+251911466045""]",[],Scraper,ethyp,
,,62467dfca912b9b694b3cfe5,0,Addis Ababa,"[""(251)0115517166""]",,CLINIQUE BERHAN,[],"[""(251) 011 515 71 00""]",[],Scraper,ethyp,
,,62467dfca912b9b694b3cfe6,0,Dire Dawa,"[""(251)0251125475""]",,CLINIC ZHONG RUI MEDIUM,[],"[""(251) 025 112 54 74""]",[],Scraper,ethyp,
,,62467dfca912b9b694b3cfe7,0,Addis Ababa,"[""(251)0115529244""]",,CLINIC YEJOKA,[],"[""(251) 011 276 27 42""]",[],Scraper,ethyp,
,,62467dfca912b9b694b3cfe8,0,Addis Ababa,"[""(251)0114403204""]",,CLINIC SARIS HIGHER,[],"[""(251) 011 440 04 36""]",[],Scraper,ethyp,
,,62467dfca912b9b694b3cfe9,0,Addis Ababa,"[""(251)0116293051""]",,CLINIC RABEE,[],"[""(251) 011 553 38 09""]",[],Scraper,ethyp,
,,62467dfca912b9b694b3cfea,0,Addis Ababa,"[""(251)0115529500""]",,CLINIC MEKANE HIWOT MIDDLE,[],"[""(251) 011 276 19 88""]",[],Scraper,ethyp,
,,62467dfca912b9b694b3cfeb,0,Addis Ababa,"[""(251)0111564881""]",,CLINIC MASTER DENTAL,[],"[""(251) 011 551 75 98""]",[],Scraper,ethyp,
,,62467dfca912b9b694b3cfec,0,BAHIRDAR,"[""(251)0582203683""]",,CLINIC GAMBY,[],"[""(251) 058 220 20 17""]",[],Scraper,ethyp,
,,62467dfca912b9b694b3cfed,0,Addis Ababa,"[""(251)0111571221""]",,CLINIC FEWS,[],"[""(251) 011 111 69 76""]",[],Scraper,ethyp,
,,62467dfca912b9b694b3cfee,0,Addis Ababa,"[""(251)0111574620""]",,CLINIC ETHIOPIA,[],"[""(251) 011 155 00 88""]",[],Scraper,ethyp,
,,62467dfca912b9b694b3cfef,0,Addis Ababa,"[""(251)0115529295""]",,CLINIC EMMETROPIA SPECIAL EYE,[],"[""(251) 011 515 98 63""]",[],Scraper,ethyp,
,,62467dfca912b9b694b3cff0,0,Addis Ababa,"[""(251)0115518855""]",,CLINIC CENTRAL,[],"[""(251) 011 111 23 50""]",[],Scraper,ethyp,
,,62467dfca912b9b694b3cff1,0,Addis Ababa,"[""(251)0114667253""]",,CLINIC CATHEDRAL,[],"[""(251) 011 111 06 88""]",[],Scraper,ethyp,
,,62467dfca912b9b694b3cff2,0,"Kebele 3-Feb, 330/04, P.O.Box 55/1110,Addis Ababa, Ethiopia","[""5519640""]",,BETHEZATA HIGHER CLINIC,[],"[""5158820"",""5533453"",""5514470""]",[],Scraper,ethyp,
,,62467dfca912b9b694b3cff3,0,"Kebele 6, 342, P.O.Box 17705,Addis Ababa, Ethiopia",[],,EYU.DENTAL TREDING PLC,[],"[""1565577"",""2787908"",""1241191""]",[],Scraper,ethyp,
,,62467dfca912b9b694b3cff4,0,"Kebele 3, 387, P.O.Box 17755,Addis Ababa, Ethiopia",[],,DAWIT SEIFU MELKA,[],"[""4665036"",""4165240"",""1201611""]",[],Scraper,ethyp,
,,62467dfca912b9b694b3cff5,5,Addis Ababa,[],,BEZA SPECIAL DENTAL CLINIC,[],"[""+251 11 467 2290"",""+251 11 467 2291"",""+251911643997""]",[],Scraper,ethyp,
,,62467dfca912b9b694b3cff6,0,"Kebele 5, 193/11, P.O.Box 22676,Addis Ababa, Ethiopia",[],,BERHANE DENTAL CLINIC,[],"[""1567810"",""1117997"",""1661791""]",[],Scraper,ethyp,
,,62467dfca912b9b694b3cff7,0,"Kebele 2, 561/05, P.O.Box 21603,Addis Ababa, Ethiopia",[],,AWASH DENTAL CLINIC,[],"[""1565620"",""1205424""]",[],Scraper,ethyp,
,,62467dfca912b9b694b3cff8,0,"Kebele 7, 88, P.O.Box 170023,Addis Ababa, Ethiopia",[],,ADDIS HIWOT PLC,[],"[""6180449"",""6623915"",""6623916"",""1405840""]",[],Scraper,ethyp,
,,62467dfca912b9b694b3cff9,0,"Kebele 11-Oct, 604,Addis Ababa, Ethiopia",[],,A AND SARA MEDIUM CLINIC,[],"[""4391876"",""112099""]",[],Scraper,ethyp,
,,62467dfca912b9b694b3cffa,0,"Kebele 26, 330-35, P.O.Box 5567,Addis Ababa, Ethiopia","[""5517304""]",,VALIANT PLC,[],"[""5527832"",""5531994""]",[],Scraper,ethyp,
,,62467dfca912b9b694b3cffb,0,"24078 Addis Ababa,Addis Ababa, Ethiopia","[""0111572435""]",,Teklehaimanot Higher Clinic,[],"[""011 111 5501""]",[],Scraper,ethyp,
,,62467dfca912b9b694b3cffc,0,"Addis Ababa,Addis Ababa, Ethiopia","[""0112774787""]",,ST. PAUL GENERAL SPECIALIZED HOSPITAL,[],"[""011 275 0125""]",[],Scraper,ethyp,
,,62467dfca912b9b694b3cffd,0,"Addis Ababa,Addis Ababa, Ethiopia","[""0116614540""]",,ST.GABRIEL GENERAL HOSPITAL,[],"[""011 661 3622""]",[],Scraper,ethyp,
,,62467dfca912b9b694b3cffe,0,"Addis Ababa,Addis Ababa, Ethiopia","[""0221119803""]",,SR. AKLESIA MEMORIAL GENERAL HOSPITAL,[],"[""022 111 9800""]",[],Scraper,ethyp,
,,62467dfca912b9b694b3cfff,0,"Kebele 8, 1166/13,Addis Ababa, Ethiopia","[""6622065""]",,SINO-ETHIOP ASSOCIATE /AFRICA/,[],"[""4450063"",""4450034""]",[],Scraper,ethyp,
,,62467dfca912b9b694b3d000,5,"Kebele 15, 124/5, P.O.Box 9135,Addis Ababa, Ethiopia","[""+251115511111""]",,R.G. & PARTNERS PLC,[],"[""+251115516255"",""+251911202386""]",[],Scraper,ethyp,
,,62467dfca912b9b694b3d001,0,"1531 Code 1250 Addis Ababa,Addis Ababa, Ethiopia","[""0116639291""]",,Pioneer Diagnostic Center Pvt.LtdCo.,[],"[""011 618 3336""]",[],Scraper,ethyp,
,,62467dfca912b9b694b3d002,5,"Kebele 12, 6, P.O.Box 14952,Addis Ababa, Ethiopia","[""+251111551569""]",,PHARMA UNION PLC,[],"[""+251 11 1114813"",""+251 11 1112996"",""+251 11 6637793"",""+251911211140""]",[],Scraper,ethyp,
,,62467dfca912b9b694b3d003,0,Addis Ababa,[],,ADEA CLINIC,[],"[""011 433 8107""]",[],Scraper,ethyp,
,,62467dfca912b9b694b3d004,5,Addis Ababa,[],,ADDIS MATERNITY AND CHILDREN HOSPITAL,[],"[""+251 11 2455345""]",[],Scraper,ethyp,
,,62467dfca912b9b694b3d005,0,Addis Ababa,[],,ADDIS DRUG STORE,[],"[""011 654 5458""]",[],Scraper,ethyp,
,,62467dfca912b9b694b3d006,0,Addis Ababa,[],,ADDIS HIWOT,[],"[""011 276 7648""]",[],Scraper,ethyp,
,,62467dfca912b9b694b3d007,0,Addis Ababa,[],,ADDIS ABABA FISTULA HOSPITAL,[],"[""011 371 2866""]",[],Scraper,ethyp,
,,62467dfca912b9b694b3d008,0,Addis Ababa,[],,ADDIS EYE CARE CENTER,[],"[""011 155 9810""]",[],Scraper,ethyp,
,,62467dfca912b9b694b3d009,0,Addis Ababa,[],,ADDIS ABABA POLY-CLINIC,[],"[""011 551 1956""]",[],Scraper,ethyp,
,,62467dfca912b9b694b3d00a,0,Addis Ababa,[],,ADDIS CLINIC,[],"[""011 237 0244""]",[],Scraper,ethyp,
,,62467dfca912b9b694b3d00b,0,Addis Ababa,[],,ADDIS HIWOT CLINIC,[],"[""091 113 4411""]",[],Scraper,ethyp,
,,62467dfca912b9b694b3d00c,0,Addis Ababa,[],,ADDISU MICHAEL HIGHER CLINIC,[],"[""011 278 0808""]",[],Scraper,ethyp,
,,62467dfca912b9b694b3d00d,0,Dessie,[],,Addis Special Higher Clinic,[],"[""033 111 7859""]",[],Scraper,ethyp,
,,62467dfca912b9b694b3d00e,0,Harar,[],,Addis Zemen Clinic,[],"[""025 666 0854""]",[],Scraper,ethyp,
,,62467dfca912b9b694b3d00f,0,Addis Ababa,[],,ADDIS GENERAL HOSPITAL PHARMACY,[],"[""011 213 2864""]",[],Scraper,ethyp,
,,62467dfca912b9b694b3d010,0,Addis Ababa,[],,ADAM DRUG STORE PLC,[],"[""011 550 4110""]",[],Scraper,ethyp,
,,62467dfca912b9b694b3d011,0,Nazareth,[],,ADAMA HOSPITAL,[],"[""022 111 1143""]",[],Scraper,ethyp,
,,62467dfca912b9b694b3d012,0,Nazareth,[],,ADAMA HEALTH CENTER,[],"[""022 111 2146""]",[],Scraper,ethyp,
,,62467dfca912b9b694b3d013,0,Addis Ababa,[],,ARSEIMA DRUG STORE,[],"[""011 348 6327""]",[],Scraper,ethyp,
,,62467dfca912b9b694b3d014,0,Addis Ababa,[],,ARON DRUG STORE,[],"[""011 618 1972""]",[],Scraper,ethyp,
,,62467dfca912b9b694b3d015,0,Addis Ababa,[],,Arome higher eye clinic,[],"[""011 554 5963""]",[],Scraper,ethyp,
,,62467dfca912b9b694b3d016,0,Addis Ababa,[],,Aradagiorgis higher clinic,[],"[""011 665 2453""]",[],Scraper,ethyp,
,,62467dfca912b9b694b3d017,0,Addis Ababa,[],,ANDU AMLAK CLINIC,[],"[""011 277 4708""]",[],Scraper,ethyp,
,,62467dfca912b9b694b3d018,0,Addis Ababa,[],,ANDUAMLAK TEMESGEN CLINIC,[],"[""011 276 6789""]",[],Scraper,ethyp,
,,62467dfca912b9b694b3d019,0,Addis Ababa,[],,ANANIA MOTHERS & CHILDREN SPECIAL MEDICAL CLINIC,[],"[""011 156 4316""]",[],Scraper,ethyp,
,,62467dfca912b9b694b3d01a,0,Addis Ababa,[],,AMEDIE HIGHER CLINIC,[],"[""011 277 9479""]",[],Scraper,ethyp,
,,62467dfca912b9b694b3d01b,0,Addis Ababa,[],,AMBO HOSPITAL,[],"[""011 236 2229""]",[],Scraper,ethyp,
,,62467dfca912b9b694b3d01c,0,Addis Ababa,[],,AMBASSADOR HIGHER CLINIC,[],"[""011 515 5378""]",[],Scraper,ethyp,
,,62467dfca912b9b694b3d01d,0,Addis Ababa,[],,AMANUEL HOSPITAL,[],"[""011 275 7723""]",[],Scraper,ethyp,
,,62467dfca912b9b694b3d01e,0,Addis Ababa,[],,AMANUEL HIGHER CLINIC,[],"[""011 157 6565""]",[],Scraper,ethyp,
,,62467dfca912b9b694b3d01f,0,Jimma,[],,Aman medium Clinic,[],"[""047 112 8167""]",[],Scraper,ethyp,
,,62467dfca912b9b694b3d020,0,Jimma,[],,Amanuel clinic,[],"[""047 111 4166""]",[],Scraper,ethyp,
,,62467dfca912b9b694b3d021,0,Addis Ababa,[],,AMANUEL DRUG STORE,[],"[""011 551 9150""]",[],Scraper,ethyp,
,,62467dfca912b9b694b3d022,0,Addis Ababa,[],,ALSHADEY CLINIC,[],"[""011 278 2738""]",[],Scraper,ethyp,
,,62467dfca912b9b694b3d023,0,Addis Ababa,[],,BETEL ENGINEERING,[],"[""011 442 0557""]",[],Scraper,ethyp,
,,62467dfca912b9b694b3d024,0,Addis Ababa,[],,BETHEZATA GENERAL HOSPITAL,[],"[""011 551 4141""]",[],Scraper,ethyp,
,,62467dfca912b9b694b3d025,0,Addis Ababa,[],,BETSEGAH OBSTATERIC & GYNECOLOOICAL SPECIAL HOSPITAL,[],"[""011 554 5559""]",[],Scraper,ethyp,
,,62467dfca912b9b694b3d026,0,Addis Ababa,[],,BETEZATHA CLINIC,[],"[""011 551 4470""]",[],Scraper,ethyp,
,,62467dfca912b9b694b3d027,0,Addis Ababa,[],,BETHANYA HIGHER CLINIC,[],"[""011 554 0418""]",[],Scraper,ethyp,
,,62467dfca912b9b694b3d028,0,Addis Ababa,[],,Bethsaida Higher Clinic,[],"[""011 279 9272""]",[],Scraper,ethyp,
,,62467dfca912b9b694b3d029,0,Addis Ababa,[],,BEREHANU GEBRE DENTAL CLINIC,[],"[""011 156 7810""]",[],Scraper,ethyp,
,,62467dfca912b9b694b3d02a,0,Addis Ababa,[],,BERHAN CLINIC,[],"[""011 515 7100""]",[],Scraper,ethyp,
,,62467dfca912b9b694b3d02b,0,Addis Ababa,[],,BERHANE SPICAL DENTAL CLINIC,[],"[""011 156 7810""]",[],Scraper,ethyp,
,,62467dfca912b9b694b3d02c,0,Addis Ababa,[],,BERUH CLINIC,[],"[""011 443 1175""]",[],Scraper,ethyp,
,,62467dfca912b9b694b3d02d,0,Addis Ababa,[],,BELUL CLINIC,[],"[""011 551 4568""]",[],Scraper,ethyp,
,,62467dfca912b9b694b3d02e,0,Addis Ababa,[],,BEHERAWI POLY CLINIC,[],"[""011 321 1413""]",[],Scraper,ethyp,
,,62467dfca912b9b694b3d02f,0,Addis Ababa,[],,BATI MEGERSSA DRUG STORE,[],"[""011 646 3701""]",[],Scraper,ethyp,
,,62467dfca912b9b694b3d030,0,Addis Ababa,[],,BARKOT PHARMACEUTICALS PLC,[],"[""011 280 2640""]",[],Scraper,ethyp,
,,62467dfca912b9b694b3d031,0,Addis Ababa,[],,BANKS CLINIC,[],"[""011 372 0178""]",[],Scraper,ethyp,
,,62467dfca912b9b694b3d032,0,Bahirdar,[],,Bahir Dar Clinic,[],"[""058 220 1616""]",[],Scraper,ethyp,
,,62467dfca912b9b694b3d033,5,Addis Ababa,[],,CHRISTINA CLINIC,[],"[""011 515 1500""]",[],Scraper,ethyp,
,,62467dfca912b9b694b3d034,0,Addis Ababa,[],,CHICHO CHILDREN S SPECIAL CLINIC,[],"[""011 661 0390""]",[],Scraper,ethyp,
,,62467dfca912b9b694b3d035,0,Dire-dawa,[],,Chache Dental Clinic,[],"[""025 111 9240""]",[],Scraper,ethyp,
,,62467dfca912b9b694b3d036,0,Addis Ababa,[],,CENTRAL DRUG STORE,[],"[""011 654 5852""]",[],Scraper,ethyp,
,,62467dfca912b9b694b3d037,0,Addis Ababa,[],,CENTRAL CLINIC,[],"[""011 111 2350""]",[],Scraper,ethyp,
,,62467dfca912b9b694b3d038,0,Addis Ababa,[],,CENTRAL DENTAL CLINIC,[],"[""011 551 0081""]",[],Scraper,ethyp,
,,62467dfca912b9b694b3d039,0,Addis Ababa,[],,CATHEDRAL HIGHER CLINIC,[],"[""011 111 0688""]",[],Scraper,ethyp,
,,62467dfca912b9b694b3d03a,0,Addis Ababa,[],,CAROGA PHARMA PLC,[],"[""011 416 5159""]",[],Scraper,ethyp,
,,62467dfca912b9b694b3d03b,0,Addis Ababa,[],,CADILA Pharmaceutical,[],"[""011 618 0563""]",[],Scraper,ethyp,
,,62467dfca912b9b694b3d03c,0,Addis Ababa,[],,BURUK POLY CLINIC,[],"[""011 416 7668""]",[],Scraper,ethyp,
,,62467dfca912b9b694b3d03d,0,Harar,[],,Brooke Animal Hospital,[],"[""025 667 1317""]",[],Scraper,ethyp,
,,62467dfca912b9b694b3d03e,0,Addis Ababa,[],,BROOK INTERNATIONAL PLC,[],"[""011 553 5301""]",[],Scraper,ethyp,
,,62467dfca912b9b694b3d03f,0,Addis Ababa,[],,BROTHERS CLINIC,[],"[""011 321 4059""]",[],Scraper,ethyp,
,,62467dfca912b9b694b3d040,0,Addis Ababa,[],,BROOK MEDICAL SERVICE PLC,[],"[""011 372 5864""]",[],Scraper,ethyp,
,,62467dfca912b9b694b3d041,0,Addis Ababa,[],,BOLE BRIDGE HIGHER CLINIC,[],"[""011 553 4270""]",[],Scraper,ethyp,
,,62467dfca912b9b694b3d042,0,Addis Ababa,[],,BOLE MEDHANEALEM MEDIUM CLINIC,[],"[""011 618 5066""]",[],Scraper,ethyp,
,,62467dfca912b9b694b3d043,0,Addis Ababa,[],,DAFRI CLINIC,[],"[""011 515 7099""]",[],Scraper,ethyp,
,,62467dfca912b9b694b3d044,0,Addis Ababa,[],,DADIBUN DENTAL CLINIC,[],"[""011 157 2608""]",[],Scraper,ethyp,
,,62467dfca912b9b694b3d045,0,Addis Ababa,[],,CONSERVATION AND SUSTAINABLE USE OF MEDICINAL PLANTS,[],"[""011 552 7906""]",[],Scraper,ethyp,
,,62467dfca912b9b694b3d046,0,Addis Ababa,[],,CLINIC YORDANOS,[],"[""(251) 011 330 05 42""]",[],Scraper,ethyp,
,,62467dfca912b9b694b3d047,0,Addis Ababa,[],,CLINIC TIRU HIWOT,[],"[""(251) 011 662 46 42""]",[],Scraper,ethyp,
,,62467dfca912b9b694b3d048,0,Addis Ababa,[],,CLINIC ST PAULOS INTERNATIONAL,[],"[""(251) 011 279 30 64""]",[],Scraper,ethyp,
,,62467dfca912b9b694b3d049,0,Addis Ababa,[],,CLINIC POLY HIGHER,[],"[""(251) 011 661 04 96""]",[],Scraper,ethyp,
,,62467dfca912b9b694b3d04a,0,Addis Ababa,[],,CLINIC OLD AIRPORT,[],"[""(251) 011 515 77 10""]",[],Scraper,ethyp,
,,62467dfca912b9b694b3d04b,0,Addis Ababa,[],,CLINIC MIGBARE SENAY HIGHER,[],"[""(251) 011 661 50 33""]",[],Scraper,ethyp,
,,62467dfca912b9b694b3d04c,0,Addis Ababa,[],,CLINIC HMEDIE HIGHER,[],"[""(251) 011 276 83 06""]",[],Scraper,ethyp,
,,62467dfca912b9b694b3d04d,0,Addis Ababa,[],,CLINIC HIWOT MEDDIUM,[],"[""(251) 011 279 89 62""]",[],Scraper,ethyp,
,,62467dfca912b9b694b3d04e,0,Addis Ababa,[],,CLINIC HIWOT FANA,[],"[""(251) 011 113 51 34""]",[],Scraper,ethyp,
,,62467dfca912b9b694b3d04f,0,Addis Ababa,[],,CLINIC HIWOT BERHAN JUNIOR,[],"[""(251) 011 661 56 77""]",[],Scraper,ethyp,
,,62467dfca912b9b694b3d050,0,Dessie,[],,CLINIC HAYAT LOWER,[],"[""(251) 033 111 50 80""]",[],Scraper,ethyp,
,,62467dfca912b9b694b3d051,0,Dire Dawa,[],,CLINIC HAYAT,[],"[""(251) 025 111 03 77""]",[],Scraper,ethyp,
,,62467dfca912b9b694b3d052,0,Addis Ababa,[],,CLINIC FANA DENTAL,[],"[""(251) 011 275 72 88""]",[],Scraper,ethyp,
,,62467dfca912b9b694b3d053,0,Addis Ababa,[],,ENTOTO AVENUE MEDIUM CLINIC,[],"[""011 123 6779""]",[],Scraper,ethyp,
,,62467dfca912b9b694b3d054,0,Addis Ababa,[],,ENDERASIE,[],"[""011 553 9130""]",[],Scraper,ethyp,
,,62467dfda912b9b694b3d055,0,Addis Ababa,[],,EMPIRE HIGHER CLINIC,[],"[""011 629 4080""]",[],Scraper,ethyp,
,,62467dfda912b9b694b3d056,0,Addis Ababa,[],,EMMANUEL HIGHER CLINIC,[],"[""011 157 6565""]",[],Scraper,ethyp,
,,62467dfda912b9b694b3d057,0,Addis Ababa,[],,EMMETROPIA SPECIAL EYE CLINIC,[],"[""011 515 9863""]",[],Scraper,ethyp,
,,62467dfda912b9b694b3d058,0,Dessie,[],,Ekram Clinic,[],"[""033 111 7149""]",[],Scraper,ethyp,
,,62467dfda912b9b694b3d059,0,Addis Ababa,[],,EAST AFRICA SPECIAL EYE CLINIC,[],"[""011 515 5898""]",[],Scraper,ethyp,
,,62467dfda912b9b694b3d05a,0,Addis Ababa,[],,EAGLE VISION MEDICAL SERVICES PLC,[],"[""011 439 2145""]",[],Scraper,ethyp,
,,62467dfda912b9b694b3d05b,0,Addis Ababa,[],,DU.SAAY HIGHER CLINIC,[],"[""011 618 4140""]",[],Scraper,ethyp,
,,62467dfda912b9b694b3d05c,0,Addis Ababa,[],,D.TENSAE HIGHER CLINIC,[],"[""011 626 0439""]",[],Scraper,ethyp,
,,62467dfda912b9b694b3d05d,0,Addis Ababa,[],,DR.ZELEKE KEBEDE/TENSAE MEDIUM CLINIC,[],"[""011 654 1483""]",[],Scraper,ethyp,
,,62467dfda912b9b694b3d05e,0,Mekelle,[],,DR. MEKONNEN CLINIC,[],"[""034 440 4080""]",[],Scraper,ethyp,
,,62467dfda912b9b694b3d05f,0,Dessie,[],,Dr. Amir Internal Higher Clinic,[],"[""033 111 5071""]",[],Scraper,ethyp,
,,62467dfda912b9b694b3d060,0,Addis Ababa,[],,DOGALI HIGHER CLINIC,[],"[""011 123 4424""]",[],Scraper,ethyp,
,,62467dfda912b9b694b3d061,0,Dire-dawa,[],,Dire Dawa Pediatrics Clinic,[],"[""025 112 0064""]",[],Scraper,ethyp,
,,62467dfda912b9b694b3d062,0,Dire-dawa,[],,Dire Higher Clinic,[],"[""025 112 9074""]",[],Scraper,ethyp,
,,62467dfda912b9b694b3d063,0,Addis Ababa,[],,GULELE MEDICAL CLINIC,[],"[""011 259 2204""]",[],Scraper,ethyp,
,,62467dfda912b9b694b3d064,0,Addis Ababa,[],,GULIMA CLINIC,[],"[""011 156 7935""]",[],Scraper,ethyp,
,,62467dfda912b9b694b3d065,0,"Harar,Harar, Ethiopia",[],,Gugal Hospital,[],"[""025 666 0170""]",[],Scraper,ethyp,
,,62467dfda912b9b694b3d066,0,Bahirdar,[],,GTZ- IS HCPE,[],"[""058 220 9842""]",[],Scraper,ethyp,
,,62467dfda912b9b694b3d067,0,Addis Ababa,[],,GOFA GABRIEL MEDIUM CLINIC,[],"[""011 416 4819""]",[],Scraper,ethyp,
,,62467dfda912b9b694b3d068,0,Addis Ababa,[],,GOFA GEBERAL HIGHER CLINIC,[],"[""011 416 0009""]",[],Scraper,ethyp,
,,62467dfda912b9b694b3d069,0,Addis Ababa,[],,GLOBAL HIGHER CLINIC,[],"[""011 127 1212""]",[],Scraper,ethyp,
,,62467dfda912b9b694b3d06a,0,Addis Ababa,[],,GIHON CLINIC,[],"[""011 123 2108""]",[],Scraper,ethyp,
,,62467dfda912b9b694b3d06b,0,Addis Ababa,[],,GIBE ST. GABRAEL HIGHER CLINIC,[],"[""011 515 1306""]",[],Scraper,ethyp,
,,62467dfda912b9b694b3d06c,0,Jimma,[],,Gibe Higher Clinic,[],"[""047 111 2966""]",[],Scraper,ethyp,
,,62467dfda912b9b694b3d06d,0,Addis Ababa,[],,GHION CLINIC,[],"[""011 123 2108""]",[],Scraper,ethyp,
,,62467dfda912b9b694b3d06e,0,Addis Ababa,[],,GERJE CLINICS,[],"[""011 629 6073""]",[],Scraper,ethyp,
,,62467dfda912b9b694b3d06f,0,Addis Ababa,[],,GERMAN CLINIC,[],"[""011 270 7889""]",[],Scraper,ethyp,
,,62467dfda912b9b694b3d070,0,Addis Ababa,[],,GENET CLINIC,[],"[""011 466 2553""]",[],Scraper,ethyp,
,,62467dfda912b9b694b3d071,0,Addis Ababa,[],,GEFERSA CLINIC,[],"[""011 275 5016""]",[],Scraper,ethyp,
,,62467dfda912b9b694b3d072,0,Bahirdar,[],,Gamby Clinic,[],"[""058 220 2017""]",[],Scraper,ethyp,
,,62467dfda912b9b694b3d073,0,Dire-dawa,[],,Juma Dental Clinic,[],"[""025 111 3499""]",[],Scraper,ethyp,
,,62467dfda912b9b694b3d074,0,Mekelle,[],,JOSI DENTAL CLINIC,[],"[""034 441 0857""]",[],Scraper,ethyp,
,,62467dfda912b9b694b3d075,0,Jimma,[],,Jimma Plant Health Clinic,[],"[""047 111 1323""]",[],Scraper,ethyp,
,,62467dfda912b9b694b3d076,0,Addis Ababa,[],,JEST PHYSIOTHERAPY CLINIC,[],"[""011 629 2184""]",[],Scraper,ethyp,
,,62467dfda912b9b694b3d077,0,Bahirdar,[],,Jerusalem Higher Clinic,[],"[""058 222 0921""]",[],Scraper,ethyp,
,,62467dfda912b9b694b3d078,0,Addis Ababa,[],,JAN MEDA CLINIC,[],"[""011 124 7510""]",[],Scraper,ethyp,
,,62467dfda912b9b694b3d079,0,Bahirdar,[],,International Clinic Laboratories,[],"[""058 220 6062""]",[],Scraper,ethyp,
,,62467dfda912b9b694b3d07a,5,Addis Ababa,[],,IMRAN CLINIC,[],"[""+251 11 372 2993""]",[],Scraper,ethyp,
,,62467dfda912b9b694b3d07b,0,Harar,[],,Iman Clinic,[],"[""025 666 0929""]",[],Scraper,ethyp,
,,62467dfda912b9b694b3d07c,0,Addis Ababa,[],,IBN SINA HARBAL MEDICAL CENTER,[],"[""011 618 1661""]",[],Scraper,ethyp,
,,62467dfda912b9b694b3d07d,0,Addis Ababa,[],,HYAY CLINIC,[],"[""011 645 9891""]",[],Scraper,ethyp,
,,62467dfda912b9b694b3d07e,0,Addis Ababa,[],,HOSPITAL ZEWEDITU,[],"[""(251) 011 551 80 85""]",[],Scraper,ethyp,
,,62467dfda912b9b694b3d07f,0,"P.O.BOX 9031,Addis Ababa, Ethiopia",[],,HOSPITAL ASEGEDECH MOTHER & CHILD,[],"[""(251) 011 662 20 49"",""011 663 42 33""]",[],Scraper,ethyp,
,,62467dfda912b9b694b3d080,0,Addis Ababa,[],,HOSPITAL ADDIS MATERNITY & CHILDREN,[],"[""(251) 011 245 53 45""]",[],Scraper,ethyp,
,,62467dfda912b9b694b3d081,0,Addis Ababa,[],,HOSPITAL ADDIS HIWOT,[],"[""(251) 011 662 39 15""]",[],Scraper,ethyp,
,,62467dfda912b9b694b3d082,0,Addis Ababa,[],,HOLY SAVIOR DENTAL CLINIC,[],"[""011 551 0623""]",[],Scraper,ethyp,
,,62467dfda912b9b694b3d083,0,Dessie,[],,Mahelet Clinic,[],"[""033 112 2879""]",[],Scraper,ethyp,
,,62467dfda912b9b694b3d084,0,Addis Ababa,[],,MADAN HIGHER CLINIC,[],"[""011 277 1211""]",[],Scraper,ethyp,
,,62467dfda912b9b694b3d085,0,Nazareth,[],,LUKAS CLINIC,[],"[""022 111 3939""]",[],Scraper,ethyp,
,,62467dfda912b9b694b3d086,0,Addis Ababa,[],,LUCY CLINIC,[],"[""011 278 2022""]",[],Scraper,ethyp,
,,62467dfda912b9b694b3d087,0,Addis Ababa,[],,LOZA MARIYAM HIGHER CLINIC,[],"[""011 645 0203""]",[],Scraper,ethyp,
,,62467dfda912b9b694b3d088,0,Addis Ababa,[],,LIZI HIGHER DENTAL CLINIC,[],"[""011 554 5938""]",[],Scraper,ethyp,
,,62467dfda912b9b694b3d089,0,Addis Ababa,[],,LEYOU PHARMACY,[],"[""011 550 6745""]",[],Scraper,ethyp,
,,62467dfda912b9b694b3d08a,0,Addis Ababa,[],,LEGHESSE CLINIC,[],"[""011 553 9332""]",[],Scraper,ethyp,
,,62467dfda912b9b694b3d08b,0,Addis Ababa,[],,KULUBI GEBRIEL SPECIAL DENTAL CLINIC,[],"[""011 156 2462""]",[],Scraper,ethyp,
,,62467dfda912b9b694b3d08c,5,Addis Ababa,[],,KT.ST.GEBRIEL HIGHER CLINIC,[],"[""011 551 5469""]",[],Scraper,ethyp,
,,62467dfda912b9b694b3d08d,0,Addis Ababa,[],,KONEL CLINIC,[],"[""011 213 3636""]",[],Scraper,ethyp,
,,62467dfda912b9b694b3d08e,0,Addis Ababa,[],,KOLFIE CLINIC,[],"[""011 279 1237""]",[],Scraper,ethyp,
,,62467dfda912b9b694b3d08f,0,Addis Ababa,[],,KOKEB CLINIC,[],"[""011 213 3351""]",[],Scraper,ethyp,
,,62467dfda912b9b694b3d090,0,Addis Ababa,[],,KIDANE MEHRET HIGHER CLINIC,[],"[""011 275 3925""]",[],Scraper,ethyp,
,,62467dfda912b9b694b3d091,0,Addis Ababa,[],,KIDANEMEHERET HIGHER CLINIC,[],"[""011 275 3925""]",[],Scraper,ethyp,
,,62467dfda912b9b694b3d092,0,Addis Ababa,[],,KIDANEMEHERET HIGHER DENTAL CLINIC,[],"[""011 157 3025""]",[],Scraper,ethyp,
,,62467dfda912b9b694b3d093,0,Addis Ababa,[],,MICHEW CLINIC,[],"[""011 551 9084""]",[],Scraper,ethyp,
,,62467dfda912b9b694b3d094,5,Addis Ababa,[],,MEXICO POLY CLINIC,[],"[""+251 11 515 9943""]",[],Scraper,ethyp,
,,62467dfda912b9b694b3d095,5,Addis Ababa,[],,MESERET DENTAL CLINIC,[],"[""+251 11 1577865""]",[],Scraper,ethyp,
,,62467dfda912b9b694b3d096,0,Nazareth,[],,MESEKIR HIGHER CLINIC,[],"[""022 111 7861""]",[],Scraper,ethyp,
,,62467dfda912b9b694b3d097,0,Addis Ababa,[],,MESERET HIGHER CLINIC,[],"[""011 551 8274""]",[],Scraper,ethyp,
,,62467dfda912b9b694b3d098,0,Addis Ababa,[],,MESKEL CLINIC,[],"[""011 663 4578""]",[],Scraper,ethyp,
,,62467dfda912b9b694b3d099,0,Addis Ababa,[],,MERSO PLC,[],"[""011 156 3330""]",[],Scraper,ethyp,
,,62467dfda912b9b694b3d09a,0,Awassa,[],,Merry Clinic,[],"[""046 220 1323""]",[],Scraper,ethyp,
,,62467dfda912b9b694b3d09b,0,"Addis Ababa,Addis Ababa, Ethiopia",[],,MENILIK HOSPITAL,[],"[""011 123 4272""]",[],Scraper,ethyp,
,,62467dfda912b9b694b3d09c,0,Addis Ababa,[],,MELESE HAILU MEDIUM CLINIC,[],"[""011 275 1408""]",[],Scraper,ethyp,
,,62467dfda912b9b694b3d09d,0,Addis Ababa,[],,MELESSE HAILU MEDIUM CLINIC,[],"[""011 155 3648""]",[],Scraper,ethyp,
,,62467dfda912b9b694b3d09e,0,Addis Ababa,[],,MEKANE HIWOT MIDDLE CLINIC,[],"[""011 276 1988""]",[],Scraper,ethyp,
,,62467dfda912b9b694b3d09f,0,Addis Ababa,[],,MEKDEM SPECIAL NECK CLINIC,[],"[""011 663 6667""]",[],Scraper,ethyp,
,,62467dfda912b9b694b3d0a0,0,Mekelle,[],,MEKELLE BEZA HIGHER CLINIC,[],"[""034 440 1440""]",[],Scraper,ethyp,
,,62467dfda912b9b694b3d0a1,0,Addis Ababa,[],,MEGENAGNA HIGHER CLINIC,[],"[""011 662 8903""]",[],Scraper,ethyp,
,,62467dfda912b9b694b3d0a2,0,Addis Ababa,[],,MEDEHANIYALEM CLINIC,[],"[""011 551 0623""]",[],Scraper,ethyp,
,,62467dfda912b9b694b3d0a3,0,Addis Ababa,[],,POLY CLINIC MEXICO,[],"[""(251) 011 515 99 43""]",[],Scraper,ethyp,
,,62467dfda912b9b694b3d0a4,0,Addis Ababa,[],,POLY CLINIC HIMANOT,[],"[""(251) 011 135 14 24""]",[],Scraper,ethyp,
,,62467dfda912b9b694b3d0a5,0,Addis Ababa,[],,POLY CLINIC BURUK,[],"[""(251) 011 416 76 68""]",[],Scraper,ethyp,
,,62467dfda912b9b694b3d0a6,0,Addis Ababa,[],,POLY CLINIC BEHERAWI,[],"[""(251) 011 321 14 13""]",[],Scraper,ethyp,
,,62467dfda912b9b694b3d0a7,0,Addis Ababa,[],,POLY CLINIC AFIA,[],"[""(251) 011 275 71 95""]",[],Scraper,ethyp,
,,62467dfda912b9b694b3d0a8,0,Addis Ababa,[],,POLY CLINIC AA,[],"[""011 551 9333""]",[],Scraper,ethyp,
,,62467dfda912b9b694b3d0a9,0,Addis Ababa,[],,POLY HIGHER CLINIC,[],"[""011 661 0496""]",[],Scraper,ethyp,
,,62467dfda912b9b694b3d0aa,0,Harar,[],,Plant Health Clinic,[],"[""025 666 0798""]",[],Scraper,ethyp,
,,62467dfda912b9b694b3d0ab,0,Addis Ababa,[],,PIAZZA CLINIC,[],"[""011 155 8952""]",[],Scraper,ethyp,
,,62467dfda912b9b694b3d0ac,0,Addis Ababa,[],,PIAZZA POLY CLINIC,[],"[""011 111 5937""]",[],Scraper,ethyp,
,,62467dfda912b9b694b3d0ad,0,Addis Ababa,[],,PANORAMA MEDICAL CENTER,[],"[""011 416 5800""]",[],Scraper,ethyp,
,,62467dfda912b9b694b3d0ae,0,Addis Ababa,[],,OLD AIRPORT CLINIC,[],"[""011 515 7710""]",[],Scraper,ethyp,
,,62467dfda912b9b694b3d0af,0,Addis Ababa,[],,NOBLE HIGHER CLINIC PLC,[],"[""011 552 2655""]",[],Scraper,ethyp,
,,62467dfda912b9b694b3d0b0,0,Addis Ababa,[],,NIAT,[],"[""011 551 3979""]",[],Scraper,ethyp,
,,62467dfda912b9b694b3d0b1,0,Harar,[],,New Era Clinic,[],"[""025 667 1201""]",[],Scraper,ethyp,
,,62467dfda912b9b694b3d0b2,0,Dire-dawa,[],,National Clinic,[],"[""025 111 3876""]",[],Scraper,ethyp,
,,62467dfda912b9b694b3d0b3,0,Addis Ababa,[],,St. GEBRIEL ALTERNATE CLINIC,[],"[""011 416 3335""]",[],Scraper,ethyp,
,,62467dfda912b9b694b3d0b4,0,Nazareth,[],,St. GEORGE CLINIC,[],"[""022 112 6396""]",[],Scraper,ethyp,
,,62467dfda912b9b694b3d0b5,0,Addis Ababa,[],,STADIUM CLINICS,[],"[""011 277 4787""]",[],Scraper,ethyp,
,,62467dfda912b9b694b3d0b6,0,Addis Ababa,[],,SORGA,[],"[""011 213 5374""]",[],Scraper,ethyp,
,,62467dfda912b9b694b3d0b7,0,Awassa,[],,Silase Medium Clinic,[],"[""046 220 9226""]",[],Scraper,ethyp,
,,62467dfda912b9b694b3d0b8,0,Addis Ababa,[],,SHOA MEDIUM CLINIC,[],"[""011 618 3225""]",[],Scraper,ethyp,
,,62467dfda912b9b694b3d0b9,5,Mekelle,[],,SHEBI DENTAL CLINIC,[],"[""+251 34 440 4198""]",[],Scraper,ethyp,
,,62467dfda912b9b694b3d0ba,0,Addis Ababa,[],,SHEWA CLINIC,[],"[""011 618 3225""]",[],Scraper,ethyp,
,,62467dfda912b9b694b3d0bb,0,Addis Ababa,[],,SENAY DENTAL CLINIC,[],"[""011 155 9550""]",[],Scraper,ethyp,
,,62467dfda912b9b694b3d0bc,0,Addis Ababa,[],,SENGATERA Clinic,[],"[""011 156 5626""]",[],Scraper,ethyp,
,,62467dfda912b9b694b3d0bd,0,Addis Ababa,[],,SENAYIT VETERINARY MEDICINE,[],"[""011 275 0616""]",[],Scraper,ethyp,
,,62467dfda912b9b694b3d0be,0,Addis Ababa,[],,SEMIRA CLINIC,[],"[""011 156 2754""]",[],Scraper,ethyp,
,,62467dfda912b9b694b3d0bf,0,Addis Ababa,[],,SELAM DENTAL CLINIC,[],"[""011 111 3050""]",[],Scraper,ethyp,
,,62467dfda912b9b694b3d0c0,0,Addis Ababa,[],,SELAM SPECIAL DENTAL CLINIC,[],"[""011 618 2004""]",[],Scraper,ethyp,
,,62467dfda912b9b694b3d0c1,0,Dire-dawa,[],,Selame Dental Clinic,[],"[""025 111 9135""]",[],Scraper,ethyp,
,,62467dfda912b9b694b3d0c2,0,Awassa,[],,Selehom Medium Clinic,[],"[""046 220 6613""]",[],Scraper,ethyp,
,,62467dfda912b9b694b3d0c3,0,Addis Ababa,[],,TSEGA AND TILAHUN DENTAL CLINIC,[],"[""011 554 1338""]",[],Scraper,ethyp,
,,62467dfda912b9b694b3d0c4,0,"Dessie,Dessie, Ethiopia",[],,Tossa Private Clinic,[],"[""033 111 5963""]",[],Scraper,ethyp,
,,62467dfda912b9b694b3d0c5,0,Dessie,[],,Tossa Drug Store,[],"[""033 112 2584""]",[],Scraper,ethyp,
,,62467dfda912b9b694b3d0c6,0,"Harar,Harar, Ethiopia",[],,Top Clinic,[],"[""025 666 3151""]",[],Scraper,ethyp,
,,62467dfda912b9b694b3d0c7,0,Addis Ababa,[],,TONEAM CLINIC,[],"[""011 662 0031""]",[],Scraper,ethyp,
,,62467dfda912b9b694b3d0c8,0,Addis Ababa,[],,TONEAM DENTAL CLINIC,[],"[""011 662 0031""]",[],Scraper,ethyp,
,,62467dfda912b9b694b3d0c9,0,Addis Ababa,[],,TIZNA HOSPITAL,[],"[""011 371 1208""]",[],Scraper,ethyp,
,,62467dfda912b9b694b3d0ca,0,Addis Ababa,[],,TIRAT CLINIC,[],"[""011 416 1897""]",[],Scraper,ethyp,
,,62467dfda912b9b694b3d0cb,0,Addis Ababa,[],,TIRU HIWOT HIGHER CLINIC,[],"[""011 662 4642""]",[],Scraper,ethyp,
,,62467dfda912b9b694b3d0cc,0,Addis Ababa,[],,TINSAE MEDIUM CLINIC,[],"[""011 654 1483""]",[],Scraper,ethyp,
,,62467dfda912b9b694b3d0cd,0,Awassa,[],,Tikure wuha medical center,[],"[""046 221 0439""]",[],Scraper,ethyp,
,,62467dfda912b9b694b3d0ce,0,Addis Ababa,[],,TIKUR ANBESA HOSPITAL,[],"[""011 551 1211""]",[],Scraper,ethyp,
,,62467dfda912b9b694b3d0cf,0,Awassa,[],,Tikur Wuha Diagnostic Laboratory,[],"[""046 220 0156""]",[],Scraper,ethyp,
,,62467dfda912b9b694b3d0d0,0,Addis Ababa,[],,TIBEBU GENERAL HOSPITAL,[],"[""011 156 1023""]",[],Scraper,ethyp,
,,62467dfda912b9b694b3d0d1,0,Addis Ababa,[],,T/HIMANOT POLY CLINIC,[],"[""011 135 1424""]",[],Scraper,ethyp,
,,62467dfda912b9b694b3d0d2,0,Addis Ababa,[],,THE NEW ERA DENTAL CLINIC,[],"[""011 551 9149""]",[],Scraper,ethyp,
,,62467dfda912b9b694b3d0d3,0,Addis Ababa,[],,ZORGA HIGHER CLINIC,[],"[""011 276 6953""]",[],Scraper,ethyp,
,,62467dfda912b9b694b3d0d4,0,Dire-dawa,[],,Zhong Rui Medium Clinic,[],"[""025 112 5474""]",[],Scraper,ethyp,
,,62467dfda912b9b694b3d0d5,0,Addis Ababa,[],,ZEWEDITU HOSPITAL,[],"[""011 551 8085""]",[],Scraper,ethyp,
,,62467dfda912b9b694b3d0d6,0,Harar,[],,Yemaj General Hospital,[],"[""025 666 6997""]",[],Scraper,ethyp,
,,62467dfda912b9b694b3d0d7,0,Dire-dawa,[],,Yemariam Werk Higher Clinic,[],"[""025 112 1194""]",[],Scraper,ethyp,
,,62467dfda912b9b694b3d0d8,0,Addis Ababa,[],,YEJOKA,[],"[""011 276 2742""]",[],Scraper,ethyp,
,,62467dfda912b9b694b3d0d9,0,Addis Ababa,[],,YEHULESHT HIGER CLINIC,[],"[""011 515 6225""]",[],Scraper,ethyp,
,,62467dfda912b9b694b3d0da,0,Addis Ababa,[],,Wossene Wole Jale Diagnostic and Imaging,[],"[""011 465 4003""]",[],Scraper,ethyp,
,,62467dfda912b9b694b3d0db,0,"Addis Ababa,Addis Ababa, Ethiopia",[],,WOLLO M.CLINIC,[],"[""011 277 5859""]",[],Scraper,ethyp,
,,62467dfda912b9b694b3d0dc,0,Dessie,[],,Wollo Higher,[],"[""033 112 2541""]",[],Scraper,ethyp,
,,62467dfda912b9b694b3d0dd,0,Addis Ababa,[],,VORDANOS HIGHER CLINIC,[],"[""011 554 5725""]",[],Scraper,ethyp,
,,62467dfda912b9b694b3d0de,0,"Addis Ababa,Addis Ababa, Ethiopia",[],,VITAL MED CLINIC,[],"[""011 123 2446""]",[],Scraper,ethyp,
,,62467dfda912b9b694b3d0df,0,"Awassa,Awassa, Ethiopia",[],,Urael Clinic,[],"[""046 220 1452""]",[],Scraper,ethyp,
,,62467dfda912b9b694b3d0e0,0,"Addis Ababa,Addis Ababa, Ethiopia",[],,UNIVERSAL CLINIC PLC,[],"[""011 551 5794""]",[],Scraper,ethyp,
,,62467dfda912b9b694b3d0e1,0,"Addis Ababa,Addis Ababa, Ethiopia",[],,UNION CLINIC,[],"[""011 213 4271""]",[],Scraper,ethyp,
,,62467dfda912b9b694b3d0e2,0,Addis Ababa,[],,TESFA KOKEB HIGER CLINIC,[],"[""011 551 7813""]",[],Scraper,ethyp,
,,62467dfda912b9b694b3d0e3,0,Addis Ababa,[],,TESFAMARIAM HIGHER CLINIC PLC,[],"[""011 646 1857""]",[],Scraper,ethyp,
,,62467dfda912b9b694b3d0e4,0,Addis Ababa,[],,TERO MIDIUM CLINIC,[],"[""011 279 8991""]",[],Scraper,ethyp,
,,62467dfda912b9b694b3d0e5,0,Jimma,[],,Temkinel Afiya,[],"[""047 111 0775""]",[],Scraper,ethyp,
,,62467dfda912b9b694b3d0e6,0,Addis Ababa,[],,TANA HIGHER CLINIC,[],"[""011 626 0407""]",[],Scraper,ethyp,
,,62467dfda912b9b694b3d0e7,0,Addis Ababa,[],,TANA VETERINARY CLINIC,[],"[""011 646 2681""]",[],Scraper,ethyp,
,,62467dfda912b9b694b3d0e8,0,"Awassa,Awassa, Ethiopia",[],,Tabour Clinic,[],"[""046 220 4994""]",[],Scraper,ethyp,
,,62467dfda912b9b694b3d0e9,0,Addis Ababa,[],,SURGA HIGHER CLINIC,[],"[""011 213 5374""]",[],Scraper,ethyp,
,,62467dfda912b9b694b3d0ea,0,Addis Ababa,[],,St. YOSPEH H.CLINIC,[],"[""011 515 3240""]",[],Scraper,ethyp,
,,62467dfda912b9b694b3d0eb,0,Addis Ababa,[],,st .yared higher clinic,[],"[""011 157 7862""]",[],Scraper,ethyp,
,,62467dfda912b9b694b3d0ec,0,Addis Ababa,[],,st.paulos international higher clinic,[],"[""011 279 3064""]",[],Scraper,ethyp,
,,62467dfda912b9b694b3d0ed,0,Dessie,[],,St. Mariam Clinic,[],"[""033 112 2937""]",[],Scraper,ethyp,
,,62467dfda912b9b694b3d0ee,0,Addis Ababa,[],,ST JOSEP CLINIC,[],"[""011 515 3240""]",[],Scraper,ethyp,
,,62467dfda912b9b694b3d0ef,0,Bahirdar,[],,St. Ghone Higher medical Center,[],"[""058 222 1590""]",[],Scraper,ethyp,
,,62467dfda912b9b694b3d0f0,0,Addis Ababa,[],,SEHATE BERAHN HIGHER CLINIC(MAPOPTICS),[],"[""011 155 2683""]",[],Scraper,ethyp,
,,62467dfda912b9b694b3d0f1,0,Addis Ababa,[],,SANTA CLINIC,[],"[""011 122 8930""]",[],Scraper,ethyp,
,,62467dfda912b9b694b3d0f2,0,Addis Ababa,[],,SAMIRY NEUED SPECIAL EYE CLINIC,[],"[""011 551 2538""]",[],Scraper,ethyp,
,,62467dfda912b9b694b3d0f3,0,Addis Ababa,[],,SALEM DENTAL CLINIC,[],"[""011 663 7086""]",[],Scraper,ethyp,
,,62467dfda912b9b694b3d0f4,0,Addis Ababa,[],,SAHATE BIREHAN HIGHER CLINIC,[],"[""011 155 1858""]",[],Scraper,ethyp,
,,62467dfda912b9b694b3d0f5,0,Addis Ababa,[],,SABA DENTAL LABORATORY CLINIC,[],"[""011 111 5506""]",[],Scraper,ethyp,
,,62467dfda912b9b694b3d0f6,0,Addis Ababa,[],,RUHAMA CLINIC,[],"[""011 515 1329""]",[],Scraper,ethyp,
,,62467dfda912b9b694b3d0f7,0,Addis Ababa,[],,RUHE CLINIC,[],"[""011 213 0981""]",[],Scraper,ethyp,
,,62467dfda912b9b694b3d0f8,0,Addis Ababa,[],,ROBOT DENTAL CLINIC,[],"[""011 157 2388""]",[],Scraper,ethyp,
,,62467dfda912b9b694b3d0f9,0,Addis Ababa,[],,REHOBOT DENTAL CLINIC,[],"[""011 157 2388""]",[],Scraper,ethyp,
,,62467dfda912b9b694b3d0fa,0,Addis Ababa,[],,REDIET DENTAL CLINIC,[],"[""011 278 5653""]",[],Scraper,ethyp,
,,62467dfda912b9b694b3d0fb,0,Addis Ababa,[],,REAL MEDIUM CLINIC,[],"[""011 270 2438""]",[],Scraper,ethyp,
,,62467dfda912b9b694b3d0fc,0,Addis Ababa,[],,RABEE HIGHER CLININC,[],"[""011 553 3809""]",[],Scraper,ethyp,
,,62467dfda912b9b694b3d0fd,0,Addis Ababa,[],,POLY CLINIC PIAZZA,[],"[""(251) 011 111 59 37""]",[],Scraper,ethyp,
,,62467dfda912b9b694b3d0fe,0,"Kebele 13-14, 5, P.O.Box 13691,Addis Ababa, Ethiopia",[],,NATIONAL HIGHER CLINIC PLC,[],"[""6620479"",""6622832""]",[],Scraper,ethyp,
,,62467dfda912b9b694b3d0ff,0,Addis Ababa,[],,NANI CLINIC,[],"[""011 259 4216""]",[],Scraper,ethyp,
,,62467dfda912b9b694b3d100,0,Addis Ababa,[],,MYUNG SUNG CHRISTIAN MEDICAL CENTER,[],"[""011 629 2795""]",[],Scraper,ethyp,
,,62467dfda912b9b694b3d101,0,Addis Ababa,[],,MULU SELAM CLINIC,[],"[""011 213 8987""]",[],Scraper,ethyp,
,,62467dfda912b9b694b3d102,0,Addis Ababa,[],,MODEL CLINIC,[],"[""011 661 2724""]",[],Scraper,ethyp,
,,62467dfda912b9b694b3d103,0,Addis Ababa,[],,MODEL MEDIUM CLINIC,[],"[""011 661 2724""]",[],Scraper,ethyp,
,,62467dfda912b9b694b3d104,0,Addis Ababa,[],,MMS INTERNATIONAL ENTERPRISE,[],"[""011 663 9759""]",[],Scraper,ethyp,
,,62467dfda912b9b694b3d105,0,Addis Ababa,[],,MITENH DENTAL CLINIC,[],"[""011 442 1983""]",[],Scraper,ethyp,
,,62467dfda912b9b694b3d106,0,Addis Ababa,[],,MISRAK ETHIO VISION,[],"[""011 515 9763""]",[],Scraper,ethyp,
,,62467dfda912b9b694b3d107,0,Addis Ababa,[],,MISRAK CHORA MEDIUM CLINIC,[],"[""011 276 3541""]",[],Scraper,ethyp,
,,62467dfda912b9b694b3d108,0,Addis Ababa,[],,MIRAB BER MEDIUM CLINIC,[],"[""011 270 3003""]",[],Scraper,ethyp,
,,62467dfda912b9b694b3d109,0,Addis Ababa,[],,MIRAF 2 HIGHER CLINIC PLC,[],"[""011 259 3015""]",[],Scraper,ethyp,
,,62467dfda912b9b694b3d10a,0,Addis Ababa,[],,MINA SPECIAL DENTAL CLINIC,[],"[""011 320 6220""]",[],Scraper,ethyp,
,,62467dfda912b9b694b3d10b,0,Addis Ababa,[],,MIGBARE SENAYE HIGHER CLINIC,[],"[""011 661 5033""]",[],Scraper,ethyp,
,,62467dfda912b9b694b3d10c,0,Addis Ababa,[],,MEDEHANIYALEM DENTAL CLINIC,[],"[""011 551 0623""]",[],Scraper,ethyp,
,,62467dfda912b9b694b3d10d,0,Addis Ababa,[],,MEDICINE SANS FRONTIERS,[],"[""011 662 0540""]",[],Scraper,ethyp,
,,62467dfda912b9b694b3d10e,0,Addis Ababa,[],,MEDICINES DU MONDE,[],"[""011 416 9923""]",[],Scraper,ethyp,
,,62467dfda912b9b694b3d10f,0,Addis Ababa,[],,MEDICINES SANS FRONTIERS GREECE,[],"[""011 618 0192""]",[],Scraper,ethyp,
,,62467dfda912b9b694b3d110,0,Addis Ababa,[],,MEDICINES SANS FRONTIERS SWITZERLAND ETHIOPIA,[],"[""011 661 0157""]",[],Scraper,ethyp,
,,62467dfda912b9b694b3d111,0,Addis Ababa,[],,MEDICINES SONS FRONTIERS BELGIUM,[],"[""011 661 0011""]",[],Scraper,ethyp,
,,62467dfda912b9b694b3d112,0,Addis Ababa,[],,MCM MEDICAL CENTER,[],"[""011 629 4603""]",[],Scraper,ethyp,
,,62467dfda912b9b694b3d113,0,Addis Ababa,[],,MATI CLINIC,[],"[""011 259 2162""]",[],Scraper,ethyp,
,,62467dfda912b9b694b3d114,0,Addis Ababa,[],,MASTER DENTAL CLINIC,[],"[""011 156 4881""]",[],Scraper,ethyp,
,,62467dfda912b9b694b3d115,0,Mekelle,[],,MARKOS HIGHER CLINIC,[],"[""034 440 9220""]",[],Scraper,ethyp,
,,62467dfda912b9b694b3d116,0,Addis Ababa,[],,MARTI SPECIAL DENTAL CLINIC,[],"[""011 662 4383""]",[],Scraper,ethyp,
,,62467dfda912b9b694b3d117,0,Jimma,[],,Maristops Clinic,[],"[""047 111 2368""]",[],Scraper,ethyp,
,,62467dfda912b9b694b3d118,0,Dessie,[],,Mariestopes International Ethiopia Dessie Clinic,[],"[""033 111 8793""]",[],Scraper,ethyp,
,,62467dfda912b9b694b3d119,0,Addis Ababa,[],,MAHELET MEDIUM CLINIC,[],"[""011 419 4819""]",[],Scraper,ethyp,
,,62467dfda912b9b694b3d11a,0,Addis Ababa,[],,KIDUS CLINIC,[],"[""011 439 1806""]",[],Scraper,ethyp,
,,62467dfda912b9b694b3d11b,0,Bahirdar,[],,Kidane Mehiret Higher Clinic,[],"[""091 171 7317""]",[],Scraper,ethyp,
,,62467dfda912b9b694b3d11c,0,Awassa,[],,Kidus Michael Clinic,[],"[""046 220 0458""]",[],Scraper,ethyp,
,,62467dfda912b9b694b3d11d,0,Addis Ababa,[],,KIBRE KUTZMANN HIGHER CLINIC,[],"[""011 123 4395""]",[],Scraper,ethyp,
,,62467dfda912b9b694b3d11e,0,Addis Ababa,[],,K/GIBRIEL CLINIC,[],"[""011 342 0253""]",[],Scraper,ethyp,
,,62467dfda912b9b694b3d11f,0,Addis Ababa,[],,KETEBE HIGHER CLINIC,[],"[""011 647 7547""]",[],Scraper,ethyp,
,,62467dfda912b9b694b3d120,0,Addis Ababa,[],,KEFETEGNA CLINIC,[],"[""011 111 2910""]",[],Scraper,ethyp,
,,62467dfda912b9b694b3d121,0,Addis Ababa,[],,KECHENIE MEDHANE ALEM HIGHER CLINIC,[],"[""011 111 9781""]",[],Scraper,ethyp,
,,62467dfda912b9b694b3d122,0,Addis Ababa,[],,KEBERE HIGHER CLINIC,[],"[""011 111 6414""]",[],Scraper,ethyp,
,,62467dfda912b9b694b3d123,0,Addis Ababa,[],,KAZANCHIS BETESEB P.L.C,[],"[""011 553 4918""]",[],Scraper,ethyp,
,,62467dfda912b9b694b3d124,0,Addis Ababa,[],,KAZANCHIS FAMILY HIGHER CLINIC,[],"[""011 553 4918""]",[],Scraper,ethyp,
,,62467dfda912b9b694b3d125,0,Addis Ababa,[],,KAZANCHIS HIGHER CLINIC,[],"[""011 553 4918""]",[],Scraper,ethyp,
,,62467dfda912b9b694b3d126,0,Addis Ababa,[],,KALITI KIDUS MEDIUM CLINIC,[],"[""011 439 1806""]",[],Scraper,ethyp,
,,62467dfda912b9b694b3d127,0,Addis Ababa,[],,KALITY DIAGNOSTIC CLINIC,[],"[""011 439 4150""]",[],Scraper,ethyp,
,,62467dfda912b9b694b3d128,0,Addis Ababa,[],,HMEDIE HIGHER CLINIC,[],"[""011 276 8306""]",[],Scraper,ethyp,
,,62467dfda912b9b694b3d129,0,Addis Ababa,[],,HIWOT BERHAN JUNIOR CLINIC,[],"[""011 661 5677""]",[],Scraper,ethyp,
,,62467dfda912b9b694b3d12a,0,Addis Ababa,[],,HIWOT FANA HIGHER CLINIC,[],"[""011 113 5134""]",[],Scraper,ethyp,
,,62467dfda912b9b694b3d12b,0,Addis Ababa,[],,HIWOT MEDDIUM CLINIC,[],"[""011 279 8962""]",[],Scraper,ethyp,
,,62467dfda912b9b694b3d12c,0,Addis Ababa,[],,HIWOTIE MEDIUM CLINIC,[],"[""011 442 2736""]",[],Scraper,ethyp,
,,62467dfda912b9b694b3d12d,0,Bahirdar,[],,Hiwot Clinic,[],"[""058 220 5540""]",[],Scraper,ethyp,
,,62467dfda912b9b694b3d12e,0,Addis Ababa,[],,HIBRETESEB MELESTEGNA CLINIC,[],"[""011 618 8798""]",[],Scraper,ethyp,
,,62467dfda912b9b694b3d12f,0,Addis Ababa,[],,HEWAN CLINIC,[],"[""011 466 0238""]",[],Scraper,ethyp,
,,62467dfda912b9b694b3d130,0,Dessie,[],,HaYat Lower Clinic,[],"[""033 111 5080""]",[],Scraper,ethyp,
,,62467dfda912b9b694b3d131,0,Dire-dawa,[],,Hayat Clinic Dire Dawa,[],"[""025 111 0377""]",[],Scraper,ethyp,
,,62467dfda912b9b694b3d132,0,Addis Ababa,[],,HARER CLINIC,[],"[""011 660 3333""]",[],Scraper,ethyp,
,,62467dfda912b9b694b3d133,0,Addis Ababa,[],,HANA MIDIUM CLINIC,[],"[""011 348 2358""]",[],Scraper,ethyp,
,,62467dfda912b9b694b3d134,0,Addis Ababa,[],,HAMARESSA M. CLINIC,[],"[""011 467 2527""]",[],Scraper,ethyp,
,,62467dfda912b9b694b3d135,0,Addis Ababa,[],,HALETA SPECIAL DENTAL CLINIC,[],"[""011 466 7567""]",[],Scraper,ethyp,
,,62467dfda912b9b694b3d136,0,Addis Ababa,[],,FITSUM PHYSIOTHERAPY & PHYSICAL REHABILITATION SPECIAL CLINIC,[],"[""011 646 6340""]",[],Scraper,ethyp,
,,62467dfda912b9b694b3d137,0,Addis Ababa,[],,FITUN CLINIC,[],"[""011 646 0671""]",[],Scraper,ethyp,
,,62467dfda912b9b694b3d138,0,Addis Ababa,[],,FEWS CLINIC,[],"[""011 111 6976""]",[],Scraper,ethyp,
,,62467dfda912b9b694b3d139,0,"Bahirdar, Bahirdar",[],,Felege Hewet Referral Hospital,[],"[""091 876 9004""]",[],Scraper,ethyp,
,,62467dfda912b9b694b3d13a,0,Addis Ababa,[],,FASIKA CLINIC,[],"[""011 236 3947""]",[],Scraper,ethyp,
,,62467dfda912b9b694b3d13b,0,Addis Ababa,[],,FASIL CLINIC,[],"[""011 629 9393""]",[],Scraper,ethyp,
,,62467dfda912b9b694b3d13c,0,Nazareth,[],,Family Guidance Association of Ethiopia,[],"[""022 111 1303""]",[],Scraper,ethyp,
,,62467dfda912b9b694b3d13d,5,Addis Ababa,[],,ETHIO VISION EYE CLINIC,[],"[""+251 115545050""]",[],Scraper,ethyp,
,,62467dfda912b9b694b3d13e,0,Addis Ababa,[],,ETHIO DENTAL CLINIC,[],"[""011 111 6200""]",[],Scraper,ethyp,
,,62467dfda912b9b694b3d13f,0,Addis Ababa,[],,ETHIOPIA HIGHER CLINIC,[],"[""011 155 0088""]",[],Scraper,ethyp,
,,62467dfda912b9b694b3d140,0,Dire-dawa,[],,Ethiopia Clinic,[],"[""025 111 1051""]",[],Scraper,ethyp,
,,62467dfda912b9b694b3d141,0,Addis Ababa,[],,ETHIO HYGINC PLC,[],"[""011 439 1900""]",[],Scraper,ethyp,
,,62467dfda912b9b694b3d142,0,Addis Ababa,[],,ESAKE CLINIC,[],"[""011 348 1312""]",[],Scraper,ethyp,
,,62467dfda912b9b694b3d143,0,Addis Ababa,[],,EQUATORIAL BUSINESS GROUP PLC,[],"[""011 442 2148""]",[],Scraper,ethyp,
,,62467dfda912b9b694b3d144,5,Addis Ababa,[],,DINBERUA HOSPITAL,[],"[""011 551 3979""]",[],Scraper,ethyp,
,,62467dfda912b9b694b3d145,0,"Dessie,Dessie, Ethiopia",[],,Dessie Referral Hospital,[],"[""033 111 7695""]",[],Scraper,ethyp,
,,62467dfda912b9b694b3d146,0,Dessie,[],,Dessie Dental Clinic,[],"[""033 112 3940""]",[],Scraper,ethyp,
,,62467dfda912b9b694b3d147,0,Addis Ababa,[],,DENBERWA (mch) GYNECOLOGY & OBSTETRICS HOSPITAL,[],"[""011 551 3979""]",[],Scraper,ethyp,
,,62467dfda912b9b694b3d148,0,Addis Ababa,[],,DENTIST TADESSE ASFAW LIYOU DENTAL CLINIC,[],"[""011 111 1156""]",[],Scraper,ethyp,
,,62467dfda912b9b694b3d149,0,Addis Ababa,[],,DEMBEL CLINIC,[],"[""011 236 2600""]",[],Scraper,ethyp,
,,62467dfda912b9b694b3d14a,0,Addis Ababa,[],,DECHA DENTAL CLINIC,[],"[""011 466 3968""]",[],Scraper,ethyp,
,,62467dfda912b9b694b3d14b,0,Addis Ababa,[],,DEBEBE EJETA CLINIC,[],"[""011 646 3416""]",[],Scraper,ethyp,
,,62467dfda912b9b694b3d14c,0,Addis Ababa,[],,DAT INTERNATIONAL TRADING DRUG STORE,[],"[""011 277 7469""]",[],Scraper,ethyp,
,,62467dfda912b9b694b3d14d,0,Addis Ababa,[],,DASHEN CLINIC,[],"[""011 629 3773""]",[],Scraper,ethyp,
,,62467dfda912b9b694b3d14e,0,Awassa,[],,Daniel Drug Store,[],"[""046 110 1554""]",[],Scraper,ethyp,
,,62467dfda912b9b694b3d14f,0,Addis Ababa,[],,DAGIM YILMA HIGHER CLINIC,[],"[""011 666 9128""]",[],Scraper,ethyp,
,,62467dfda912b9b694b3d150,0,Addis Ababa,[],,DAGMAWIT CLINIC,[],"[""011 275 1600""]",[],Scraper,ethyp,
,,62467dfda912b9b694b3d151,0,Addis Ababa,[],,D AFRIQUE HIGHER CLINIC,[],"[""011 552 6255""]",[],Scraper,ethyp,
,,62467dfda912b9b694b3d152,0,Addis Ababa,[],,CLINIC ETHIO VISION EYE,[],"[""(251) 011 554 50 50""]",[],Scraper,ethyp,
,,62467dfda912b9b694b3d153,0,Addis Ababa,[],,CLINIC DEBEBE EJETA,[],"[""(251) 011 646 34 16""]",[],Scraper,ethyp,
,,62467dfda912b9b694b3d154,0,Addis Ababa,[],,CLINIC DAGIM YILMA HIGHER,[],"[""(251) 011 666 91 28""]",[],Scraper,ethyp,
,,62467dfda912b9b694b3d155,0,Addis Ababa,[],,CLINIC BROTHERS,[],"[""(251) 011 321 40 59""]",[],Scraper,ethyp,
,,62467dfda912b9b694b3d156,0,Addis Ababa,[],,CLINIC BLUE NILE HIGHER,[],"[""(251) 011 661 43 51""]",[],Scraper,ethyp,
,,62467dfda912b9b694b3d157,0,Addis Ababa,[],,CLINIC BLUE DAS DENTAL,[],"[""(251) 011 662 23 36""]",[],Scraper,ethyp,
,,62467dfda912b9b694b3d158,0,Addis Ababa,[],,CLINIC BETHSAIDA,[],"[""(251) 011 279 92 72"",""091 122 11 57""]",[],Scraper,ethyp,
,,62467dfda912b9b694b3d159,0,Addis Ababa,[],,CLINIC AMBASSADOR HIGHER,[],"[""(251) 011 515 53 78"",""011 655 54 84""]",[],Scraper,ethyp,
,,62467dfda912b9b694b3d15a,0,Addis Ababa,[],,CLINIC ALMATA DENTAL,[],"[""(251) 011 551 69 80""]",[],Scraper,ethyp,
,,62467dfda912b9b694b3d15b,0,Addis Ababa,[],,CLINIC ALEM DENTAL,[],"[""(251) 011 111 16 15""]",[],Scraper,ethyp,
,,62467dfda912b9b694b3d15c,0,Addis Ababa,[],,CLINIC AL MATA,[],"[""(251) 011 551 69 80""]",[],Scraper,ethyp,
,,62467dfda912b9b694b3d15d,0,Addis Ababa,[],,CLINIC ADONAI ETHIOPIA HIGHER,[],"[""(251) 011 278 41 36""]",[],Scraper,ethyp,
,,62467dfda912b9b694b3d15e,0,Addis Ababa,[],,CLINIC ADDIS HIWOT,[],"[""(251) 091 113 44 11""]",[],Scraper,ethyp,
,,62467dfda912b9b694b3d15f,0,Addis Ababa,[],,CITY SPECIAL DENTAL CLINIC,[],"[""011 416 5240""]",[],Scraper,ethyp,
,,62467dfda912b9b694b3d160,0,Addis Ababa,[],,BOLE MICHAEL HIGHER CLINIC,[],"[""011 626 2110""]",[],Scraper,ethyp,
,,62467dfda912b9b694b3d161,0,Addis Ababa,[],,BOLE SPECIAL DENTAL CLINIC & LABORATORY SERVICE,[],"[""011 618 0906""]",[],Scraper,ethyp,
,,62467dfda912b9b694b3d162,0,Addis Ababa,[],,BLU DAS SPECIAL DENTAL,[],"[""011 662 2336""]",[],Scraper,ethyp,
,,62467dfda912b9b694b3d163,0,Addis Ababa,[],,BLUE & WHITE CLINIC,[],"[""011 661 3420""]",[],Scraper,ethyp,
,,62467dfda912b9b694b3d164,0,Addis Ababa,[],,BLUE DAS DENTAL CLINIC,[],"[""011 662 2336""]",[],Scraper,ethyp,
,,62467dfda912b9b694b3d165,0,Addis Ababa,[],,BLUE NILE HIGHER CLINIC PLC,[],"[""011 661 4351""]",[],Scraper,ethyp,
,,62467dfda912b9b694b3d166,0,Addis Ababa,[],,BLUENILE CLINIC,[],"[""011 663 0271""]",[],Scraper,ethyp,
,,62467dfda912b9b694b3d167,0,Addis Ababa,[],,BIRUH CLINIC,[],"[""011 443 1175""]",[],Scraper,ethyp,
,,62467dfda912b9b694b3d168,0,Addis Ababa,[],,Biosol Pharmaceutical Plc,[],"[""011 646 1753""]",[],Scraper,ethyp,
,,62467dfda912b9b694b3d169,0,Dessie,[],,Bin Clinic,[],"[""033 111 2217""]",[],Scraper,ethyp,
,,62467dfda912b9b694b3d16a,0,Dire-dawa,[],,Bilal Hospital,[],"[""025 111 3636""]",[],Scraper,ethyp,
,,62467dfda912b9b694b3d16b,0,Addis Ababa,[],,BILALE MEDIUM CLINIC,[],"[""011 213 5809""]",[],Scraper,ethyp,
,,62467dfda912b9b694b3d16c,0,Awassa,[],,Beza Clinic Diagnostic Laboratory,[],"[""046 110 5736""]",[],Scraper,ethyp,
,,62467dfda912b9b694b3d16d,0,Addis Ababa,[],,BEZA CLINIC,[],"[""011 370 0390""]",[],Scraper,ethyp,
,,62467dfda912b9b694b3d16e,0,Nazareth,[],,BADI MEDIUM CLINIC,[],"[""022 111 2141""]",[],Scraper,ethyp,
,,62467dfda912b9b694b3d16f,0,Addis Ababa,[],,B.A.D.R.Y INTER LINK PLC,[],"[""011 515 7700""]",[],Scraper,ethyp,
,,62467dfda912b9b694b3d170,0,Awassa,[],,Awassa Drug Store,[],"[""046 221 2879""]",[],Scraper,ethyp,
,,62467dfda912b9b694b3d171,0,Nazareth,[],,AWASH HIGHER CLINIC,[],"[""022 112 8149""]",[],Scraper,ethyp,
,,62467dfda912b9b694b3d172,0,Addis Ababa,[],,AWASH MEDIUM CLINIC,[],"[""091 168 0114""]",[],Scraper,ethyp,
,,62467dfda912b9b694b3d173,0,Addis Ababa,[],,ATNAFIE,[],"[""011 551 6330""]",[],Scraper,ethyp,
,,62467dfda912b9b694b3d174,0,Addis Ababa,[],,ATLAS CLINIC,[],"[""011 277 0492""]",[],Scraper,ethyp,
,,62467dfda912b9b694b3d175,0,Addis Ababa,[],,ATLANTIC INTERNATIONAL TRADING,[],"[""011 550 9178""]",[],Scraper,ethyp,
,,62467dfda912b9b694b3d176,0,Addis Ababa,[],,ATITEGEB GENERAL TRADING PLC,[],"[""011 662 2049""]",[],Scraper,ethyp,
,,62467dfda912b9b694b3d177,0,Addis Ababa,[],,ASQUAL DRUG STORE,[],"[""011 554 5612""]",[],Scraper,ethyp,
,,62467dfda912b9b694b3d178,0,Awassa,[],,Asher General Hospital,[],"[""046 220 6153""]",[],Scraper,ethyp,
,,62467dfda912b9b694b3d179,0,"9031,Addis Ababa, Ethiopia",[],,Asegedech Mother & Child - Hospital,[],"[""011 662 2049""]",[],Scraper,ethyp,
,,62467dfda912b9b694b3d17a,0,Dire-dawa,[],,Art General Hospital PLC,[],"[""025 112 9777""]",[],Scraper,ethyp,
,,62467dfda912b9b694b3d17b,0,Addis Ababa,[],,AL MATA CLINIC,[],"[""011 551 6980""]",[],Scraper,ethyp,
,,62467dfda912b9b694b3d17c,0,Addis Ababa,[],,ALMATA DENTAL CLINIC,[],"[""011 551 6980""]",[],Scraper,ethyp,
,,62467dfda912b9b694b3d17d,0,Addis Ababa,[],,ALEM Clinic,[],"[""011 111 1615""]",[],Scraper,ethyp,
,,62467dfda912b9b694b3d17e,0,Addis Ababa,[],,ALEM DENTAL CLINIC,[],"[""011 111 1615""]",[],Scraper,ethyp,
,,62467dfda912b9b694b3d17f,0,Addis Ababa,[],,ALEME CLINIC,[],"[""011 157 8647""]",[],Scraper,ethyp,
,,62467dfda912b9b694b3d180,0,Bahirdar,[],,Alem - Saga Higher Clinic,[],"[""058 220 9415""]",[],Scraper,ethyp,
,,62467dfda912b9b694b3d181,0,Addis Ababa,[],,AIR PORT DENTAL CLINIC,[],"[""011 618 3300""]",[],Scraper,ethyp,
,,62467dfda912b9b694b3d182,0,Awassa,[],,Ahadu Drug Store,[],"[""046 220 6919""]",[],Scraper,ethyp,
,,62467dfda912b9b694b3d183,0,Addis Ababa,[],,Afrisurg Ethiopia,[],"[""011 618 0907""]",[],Scraper,ethyp,
,,62467dfda912b9b694b3d184,0,Dire-dawa,[],,Africa Medium Level Clinic,[],"[""025 111 8425""]",[],Scraper,ethyp,
,,62467dfda912b9b694b3d185,0,Addis Ababa,[],,AFRICA ETHIOPIA PHARMACEUTICAL,[],"[""011 554 3313""]",[],Scraper,ethyp,
,,62467dfda912b9b694b3d186,0,Addis Ababa,[],,AFIA POLY CLINIC,[],"[""011 275 7195""]",[],Scraper,ethyp,
,,62467dfda912b9b694b3d187,0,Dire-dawa,[],,Admas Dental Clinic,[],"[""025 112 0041""]",[],Scraper,ethyp,
,,62467dfda912b9b694b3d188,0,Mekelle,[],,ADHAKI CLINIC,[],"[""034 440 7353""]",[],Scraper,ethyp,
,,62467dfda912b9b694b3d189,0,Nazareth,[],,ADAMA HIGHER CLINIC,[],"[""022 111 3284""]",[],Scraper,ethyp,
,,62467dfda912b9b694b3d18a,0,Addis Ababa,[],,ABUNE PETROS CLINIC,[],"[""011 111 9879""]",[],Scraper,ethyp,
,,62467dfda912b9b694b3d18b,0,Awassa,[],,Abreham Family Clinic Laboratory,[],"[""046 221 5329""]",[],Scraper,ethyp,
,,62467dfda912b9b694b3d18c,0,Nazareth,[],,ABEBE CLINIC,[],"[""022 111 0064""]",[],Scraper,ethyp,
,,62467dfda912b9b694b3d18d,0,Addis Ababa,[],,ABEL HIGHER CLINIC,[],"[""011 651 8558""]",[],Scraper,ethyp,
,,62467dfda912b9b694b3d18e,0,Dessie,[],,Abera Clinic,[],"[""091 473 7610""]",[],Scraper,ethyp,
,,62467dfda912b9b694b3d18f,0,Addis Ababa,[],,ABDI MEDIUM CLINIC,[],"[""011 259 0048""]",[],Scraper,ethyp,
,,62467dfda912b9b694b3d190,0,Addis Ababa,[],,Abdi Higher Clinic,[],"[""011 320 1150""]",[],Scraper,ethyp,
,,62467dfda912b9b694b3d191,5,Addis Ababa,[],,ABADER PHARMACY,[],"[""+251116624397""]",[],Scraper,ethyp,
,,62467dfda912b9b694b3d192,0,Dire-dawa,[],,Abadir Clinic,[],"[""025 112 3701""]",[],Scraper,ethyp,
,,62467dfda912b9b694b3d193,0,Dire-dawa,[],,Abas Clinic,[],"[""025 111 2139""]",[],Scraper,ethyp,
,,62467dfda912b9b694b3d194,0,"Kebele 17, 2304/00, P.O.Box 15,Addis Ababa, Ethiopia",[],,TEDY DRUGS & MEDICAL SUPPLIES IMPORTER & DISTRIBUTOR,[],"[""4431944"",""4404656"",""1207193""]",[],Scraper,ethyp,
,,62467dfda912b9b694b3d195,0,"Kebele 2, 151/07, P.O.Box 27227,Addis Ababa, Ethiopia",[],,KONJIT AKALU W/SILASSIE,[],"[""1188497"",""1217104""]",[],Scraper,ethyp,
,,62467dfda912b9b694b3d196,5,Addis Ababa,"[""(251)0115513979""]",,HOSPITAL DINBERUA,[],"[""(251) 011 661 10 84""]",[],Scraper,ethyp,
,,62467dfda912b9b694b3d197,0,"Addis Ababa,Addis Ababa, Ethiopia","[""0116459062""]",,MMD GENERAL HOSPITAL,[],"[""011 646 4254""]",[],Scraper,ethyp,
,,62467dfda912b9b694b3d198,0,"Kebele 6, 71, P.O.Box 27322,Addis Ababa, Ethiopia","[""3724336""]",,MESROY INTERNATIONAL PLC,[],"[""3717870"",""3725140"",""3725146"",""1223206"",""1222814""]",[],Scraper,ethyp,
,,62467dfda912b9b694b3d199,0,"Addis Ababa,Addis Ababa, Ethiopia","[""0116298761""]",,MARIAM MOTHER CHILD HEALTH HOSPITAL,[],"[""011 629 8902""]",[],Scraper,ethyp,
,,62467dfda912b9b694b3d19a,0,Addis Ababa,"[""(251)0114341166""]",,HOSPITAL TZNA GENERAL,[],"[""(251) 011 371 12 08""]",[],Scraper,ethyp,
,,62467dfda912b9b694b3d19b,0,Addis Ababa,"[""(251)0115529603""]",,HOSPITAL TIKUR ANBESA,[],"[""(251) 011 551 12 11""]",[],Scraper,ethyp,
,,62467dfda912b9b694b3d19c,0,Addis Ababa,"[""(251)0111561023""]",,HOSPITAL TIBEBU GENERAL,[],"[""(251) 011 156 17 22""]",[],Scraper,ethyp,
,,62467dfda912b9b694b3d19d,0,Addis Ababa,"[""(251)0116614540""]",,HOSPITAL ST GABRIEL GENERAL,[],"[""(251) 011 661 36 22""]",[],Scraper,ethyp,
,,62467dfda912b9b694b3d19e,0,Addis Ababa,"[""(251)0221119803""]",,HOSPITAL SR AKLESIA MEMORIAL,[],"[""(251) 022 111 98 00""]",[],Scraper,ethyp,
,,62467dfda912b9b694b3d19f,0,Addis Ababa,"[""(251)0116298761""]",,HOSPITAL MARIAM MOTHER & CHILD HEALTH,[],"[""(251) 011 629 89 02""]",[],Scraper,ethyp,
,,62467dfda912b9b694b3d1a0,0,Addis Ababa,"[""(251)0116620880""]",,HOSPITAL HAYAT,[],"[""(251) 011 661 42 50""]",[],Scraper,ethyp,
,,62467dfda912b9b694b3d1a1,0,Addis Ababa,"[""(251)0115505980""]",,HOSPITAL BLACK LION,[],"[""(251) 011 551 12 11""]",[],Scraper,ethyp,
,,62467dfda912b9b694b3d1a2,0,Addis Ababa,"[""(251)0113712866""]",,HOSPITAL ADDIS ABABA FISTULA,[],"[""(251) 011 371 65 44""]",[],Scraper,ethyp,
,,62467dfda912b9b694b3d1a3,0,NAZARETH,"[""(251)0221111143""]",,HOSPITAL ADAMA,[],"[""(251) 022 111 24 24""]",[],Scraper,ethyp,
,,62467dfda912b9b694b3d1a4,0,"Addis Ababa,Addis Ababa, Ethiopia","[""0115515795""]",,FEDERAL POLICE HOSPITAL,[],"[""011 551 8470""]",[],Scraper,ethyp,
,,62467dfda912b9b694b3d1a5,0,"Kebele 3, 685, P.O.Box 3802,Addis Ababa, Ethiopia","[""1561023""]",,TIBEBU GENERAL HOSPITAL & TIBEBU FAMILY PLC,[],"[""1560722"",""1561024"",""1562925"",""1204449""]",[],Scraper,ethyp,
,,62467dfda912b9b694b3d1a6,0,"Kebele 2-Jan, 1305/23, P.O.Box 2776/339,Addis Ababa, Ethiopia","[""2779616""]",,T.A.KANZEN YEHIA & SONS PLC,[],"[""2779614"",""2779615"",""1204673""]",[],Scraper,ethyp,
,,62467dfda912b9b694b3d1a7,0,"Kebele 21, 62, P.O.Box 5901,Addis Ababa, Ethiopia","[""6610381""]",,TADBA PLC,[],"[""6610381"",""6630381"",""1218078""]",[],Scraper,ethyp,
,,62467dfda912b9b694b3d1a8,0,"Kebele 6, 376/A, P.O.Box 5634,Addis Ababa, Ethiopia","[""6614540""]",,ST. GABRIEL GENERAL HOSPITAL,[],"[""6613622"",""6614400"",""1204395""]",[],Scraper,ethyp,
,,62467dfda912b9b694b3d1a9,0,"Kebele 17, P.O.Box 12882,Addis Ababa, Ethiopia","[""5513664"",""5514122""]",,SETEMA LIMITED PLC,[],"[""6478200"",""6478210"",""6478212"",""1201343""]",[],Scraper,ethyp,
,,62467dfda912b9b694b3d1aa,0,"Kebele 1, 466, P.O.Box 1847,Addis Ababa, Ethiopia","[""5512366""]",,SAMUEL DERESSA PHARMACCEUTICALS IMPORTER & DISTRIBUTOR,[],"[""5150989"",""1200195""]",[],Scraper,ethyp,
,,62467dfda912b9b694b3d1ab,0,"Kebele 9-Aug, 81, P.O.Box 13846,Addis Ababa, Ethiopia","[""4161063""]",,P.T.L P PHARMA TRADE LINK PLC,[],"[""4164625"",""4653755"",""1207277"",""1395454""]",[],Scraper,ethyp,
,,62467dfda912b9b694b3d1ac,0,"Kebele 11, 644, P.O.Box 55432,Addis Ababa, Ethiopia","[""5529199""]",,PROMED S.CO,[],"[""5529199"",""1247422""]",[],Scraper,ethyp,
,,62467dfda912b9b694b3d1ad,0,"Kebele 14-15, 1969, P.O.Box 27518/1000,Addis Ababa, Ethiopia","[""6456405""]",,DANA TRADING PLC,[],"[""6465178"",""1220006""]",[],Scraper,ethyp,
,,62467dfda912b9b694b3d1ae,0,"Kebele 11, 459, P.O.Box 1487,Addis Ababa, Ethiopia","[""5157744""]",,C.N MAKRIS AND CO. LTD,[],"[""5150290"",""5155555"",""5157773"",""1466045""]",[],Scraper,ethyp,
,,62467dfda912b9b694b3d1af,0,"Kebele 2, 234, P.O.Box 4237,Addis Ababa, Ethiopia","[""5531751""]",,BEKER PHARMACEUTICALS,[],"[""5530702"",""5503833"",""6555002"",""1200855""]",[],Scraper,ethyp,
,,62467dfda912b9b694b3d1b0,0,"Kebele 03/05, Mafi Central Mall, 04th Floor #403, Opposite to Bole Medhanialem Church, 374, P.O.Box 2677,Addis Ababa, Ethiopia","[""+251116632979""]",,A.T. HERTO TRADING PLC,[],"[""+251 11 663 2939"",""661 0010"",""+251911221615""]",[],Scraper,ethyp,
,,62467dfda912b9b694b3d1b1,0,"Kebele 2-Jan, 508/280, P.O.Box 477,Addis Ababa, Ethiopia","[""1550005""]",,AGECA ( ETHIOPIA) COMPANY,[],"[""1551044"",""1550255"",""1560629"",""1204737"",""1203535""]",[],Scraper,ethyp,
,,62467dfda912b9b694b3d1b2,0,"Kebele 2, 238, P.O.Box 1109,Addis Ababa, Ethiopia","[""1551057""]",,AFRO GERMAN CHEMICALS EST. PLC,[],"[""1550200"",""1220041""]",[],Scraper,ethyp,
"[38.7577605,8.9806034]",Point,62467dfda912b9b694b3d1b3,5,Addis Ababa,[],,DUSAY CLINIC,[],"[""+251 11 618 2250"",""+251 11 663 4730""]",[],Scraper,ethyp,
"[38.7553367,9.0380927]",Point,62467dfda912b9b694b3d1b4,5,"2QQ4+64P,Addis Ababa, Ethiopia",[],,Dr. NEGA SPECIAL CLINIC,[],"[""+251 11 156 8868""]",[],Scraper,ethyp,
"[37.3704806,11.5988284]",Point,62467dfda912b9b694b3d1b5,5,"H9XC+G5Q,Bahir Dar, Ethiopia",[],,Dr. Abdu Higher Ophthalmic Clinic,[],"[""058 222 1216""]",[],Scraper,ethyp,
,,62467dfda912b9b694b3d1b6,0,"26134 Code 1000,Addis Ababa, Ethiopia",[],,Cure Ethiopia Childrens Hospital,[],"[""011 123 7535""]",[],Scraper,ethyp,http://www.cureinternational.org
"[38.7249801,8.9892981]",Point,62467dfda912b9b694b3d1b7,5,"XPQF+PX9,Addis Ababa, Ethiopia",[],,CLINIC BROOK INTERNATIONAL,[],"[""+251 11 372 58 60"",""+251 11 553 53 01""]",[],Scraper,ethyp,
"[38.7246019,8.9863945]",Point,62467dfda912b9b694b3d1b8,5,"Sierra Leone St,Addis Ababa, Ethiopia",[],,CITY DENTAL CLINIC,[],"[""+251 11 416 5240""]",[],Scraper,ethyp,
"[38.7249801,8.9892981]",Point,62467dfda912b9b694b3d1b9,5,"XPQF+PX9,Addis Ababa, Ethiopia",[],,BRUCK CLINIC,[],"[""+251 11 372 5860"",""+251 11 681 3090""]",[],Scraper,ethyp,
"[38.7622527,8.9983131]",Point,62467dfda912b9b694b3d1ba,5,Addis Ababa,[],,BEHAM CHILDREN CLINIC,[],"[""+251 11 416 0411""]",[],Scraper,ethyp,
"[39.6323261,11.1349877]",Point,62467dfda912b9b694b3d1bb,5,"A2,Dessie, Ethiopia",[],,Bati General Hospital,[],"[""+251 33 111 5522""]",[],Scraper,ethyp,
"[38.6978059,8.9827702]",Point,62467dfda912b9b694b3d1bc,5,"A5,Addis Ababa, Ethiopia",[],,AYNALEM HIGHER CLINIC,[],"[""011 348 1745""]",[],Scraper,ethyp,
"[38.6873523,9.0055162]",Point,62467dfda912b9b694b3d1bd,5,"Unnamed Road,Addis Ababa, Ethiopia",[],,AL-AFIA HIGHER CLINIC,[],"[""+251 11 275 2199""]",[],Scraper,ethyp,
"[38.7389611,9.0341884]",Point,62467dfda912b9b694b3d1be,5,"Kebele 13, 491, P.O.Box 13025,Addis Ababa, Ethiopia",[],,AFRICA HIGHER CLINIC,[],"[""+251 11 554 6879"",""+251 11 275 1360""]",[],Scraper,ethyp,
"[38.7597871,9.0420782]",Point,62467dfda912b9b694b3d1bf,5,"2QR5+RWM,Addis Ababa, Ethiopia",[],,ADWA CLINIC,[],"[""+251 11 111 6335""]",[],Scraper,ethyp,
"[38.7303203,8.9637947]",Point,62467dfda912b9b694b3d1c0,5,"XP7J+G48,Addis Ababa, Ethiopia",[],,ADONAI ETHIOPIA HIGHER CLINIC,[],"[""011 278 4136""]",[],Scraper,ethyp,
"[39.6342372,11.1280176]",Point,62467dfda912b9b694b3d1c1,5,Dessie,[],,Selam Higher Clinic,[],"[""+251 33 111 5082""]","[""https://www.ethyp.com/img/et/c/1637949825-20-selam-higher-clinic.jpg""]",Scraper,ethyp,
"[38.7741496,8.9935495]",Point,62467dfda912b9b694b3d1c2,5,"XQVF+CM6,Addis Ababa, Ethiopia",[],,RANK CLINIC,[],"[""+251 11 553 6074""]","[""https://www.ethyp.com/img/et/h/1634322478-16-rank-clinic.jpg""]",Scraper,ethyp,
"[38.7577605,8.9806034]",Point,62467dfda912b9b694b3d1c3,5,Addis Ababa,[],,OTHRHINO ENT CLINIC,[],"[""011 645 6172""]","[""https://www.ethyp.com/img/et/e/1634756525-23-othrhino-ent-clinic.jpg""]",Scraper,ethyp,
,,62467dfda912b9b694b3d1c4,0,Nazareth,[],,Noah Clinic,[],"[""022 111 0182""]",[],Scraper,ethyp,
,,62467dfea912b9b694b3d1c5,0,"870, Nazareth",[],,Medhin Clinic,[],"[""022 111 0899""]",[],Scraper,ethyp,
"[38.7595493,8.9842903]",Point,62467dfea912b9b694b3d1c6,5,"Beyene Aba Sebsib St,Addis Ababa, Ethiopia",[],,MAICHEW CLINIC,[],"[""011 551 9084""]","[""https://www.ethyp.com/img/et/f/1635007171-89-maichew-clinic.jpg""]",Scraper,ethyp,
,,62467dfea912b9b694b3d1c7,0,"27227,Addis Ababa, Ethiopia",[],,konjit Special Higher Dental Clinic,[],"[""011 111 8497""]",[],Scraper,ethyp,
,,62467dfea912b9b694b3d1c8,0,"P.O.BOX 577,Mekelle, Ethiopia",[],,HOSPITAL FITSUM BIRHAN,[],"[""(251) 034 440 80 00"",""091 470 05 35""]",[],Scraper,ethyp,
,,62467dfea912b9b694b3d1c9,0,"P.O.BOX 26134,Addis Ababa, Ethiopia","[""(251)0111237535""]",,HOSPITAL CURE ETHIOPIA CHILDREN,[],"[""(251) 011 123 77 67""]",[],Scraper,ethyp,http://www.cureinternational.org
,,62467dfea912b9b694b3d1ca,0,"13346,Addis Ababa, Ethiopia",[],,Golleye Plc,[],"[""011 661 4821""]",[],Scraper,ethyp,
,,62467dfea912b9b694b3d1cb,0,"40419,Addis Ababa, Ethiopia",[],,Geta Higher Clinic,[],"[""011 320 1974""]",[],Scraper,ethyp,
,,62467dfea912b9b694b3d1cc,0,"577,Mekelle, Ethiopia",[],,Fitsum Birhan Hospital,[],"[""034 440 8000""]",[],Scraper,ethyp,
"[37.38921,11.5927186]",Point,62467dfea912b9b694b3d1cd,5,"H9VQ+3MP,Bahir Dar, Ethiopia",[],,Fana Dental Clinic,[],"[""058 222 2082""]","[""https://www.ethyp.com/img/et/e/1637590418-50-fana-dental-clinic.jpg""]",Scraper,ethyp,
"[38.7416993,9.0119606]",Point,62467dfea912b9b694b3d1ce,5,"2P6R+QM,Addis Ababa, Ethiopia",[],,ETHIO CANADA DIAGNOSTICS & IMAGING CENTER,[],"[""+251 11 515 2299"",""+251 11 550 7228""]","[""https://www.ethyp.com/img/et/l/1634557359-15-ethio-canada-diagnostics-imaging-center.jpg""]",Scraper,ethyp,
,,62467dfea912b9b694b3d1cf,0,Addis Ababa,"[""(251)0116183330""]",,CLINIC CHOICE CHILDREN & ADOLESCENT,[],"[""(251) 011 663 76 41""]",[],Scraper,ethyp,
"[38.7629822,9.0024571]",Point,62467dfea912b9b694b3d1d0,5,"Kirkos Kifle Ketema, 02/03, House No. 466, K'ebele,Addis Ababa, Ethiopia","[""+251111552691""]",,VALDES PLC,[],"[""+251 11 467 2612"",""+251 11 1562007"",""+251 11 1572483"",""+251 11 1572485"",""+251911209845""]",[],Scraper,ethyp,
"[38.8523908,9.0042628]",Point,62467dfea912b9b694b3d1d1,5,"Kebele 4, P.O.Box 5542,Addis Ababa, Ethiopia","[""+251116604825""]",,PHARMACURE PLC,[],"[""+ 251 11 6604820"",""+ 251 11 6604823""]","[""https://www.ethyp.com/img/et/n/1637173451-49-pharmacure-plc.jpg""]",Scraper,ethyp,
"[38.7417271,8.9384253]",Point,62467dfea912b9b694b3d1d2,5,"Kebele 6, NEW, P.O.Box 223,Addis Ababa, Ethiopia","[""+251114196364""]",,AMBA PHARMACEUTICALS PLC,[],"[""+251114196362"",""+251344400607"",""+251113724773"",""+251113724774"",""+251911204411""]","[""https://www.ethyp.com/img/et/h/1637247443-34-amba-pharmaceuticals-plc.jpg""]",Scraper,ethyp,
,,62467dfea912b9b694b3d1d3,0,"P.O.BOX 618,Addis Ababa, Ethiopia","[""(251)0114425552""]",,HOSPITAL INTERNATIONAL CARDIOVASCULAR,[],"[""(251) 011 442 46 80""]",[],Scraper,ethyp,http://www.icmc-et.com
"[38.7758837,9.0232051]",Point,62467dfea912b9b694b3d1d4,5,"D. A. R. Sahara St,Addis Ababa, Ethiopia",[],,Deutsche Electro Magnetic Physiotherapy Especial Clinic,[],"[""+251 11 661 6600""]",[],Scraper,ethyp,
,,62467dfea912b9b694b3d1d5,0,"P.O.BOX 2107,Addis Ababa, Ethiopia","[""(251)0116298092""]",,CLINIC ICON,[],"[""(251) 011 629 80 93""]",[],Scraper,ethyp,http://www.ethioplast.com
,,62467dfea912b9b694b3d1d6,0,"P.O.BOX 3530,Addis Ababa, Ethiopia","[""(251)0116639233""]",,CLINIC ARSHO HIGHER,[],"[""(251) 011 663 68 77""]",[],Scraper,ethyp,http://www.arsholab.com
"[38.7866132,9.0204632]",Point,62467dfea912b9b694b3d1d7,5,"2QCP+5J,Addis Ababa, Ethiopia",[],,DENBERWA HOSPITAL,[],"[""011 551 3979""]","[""https://www.ethyp.com/img/et/d/1637161246-15-denberwa-hospital.jpg""]",Scraper,ethyp,https://www.facebook.com/Denberwa.number1/
"[38.749555,9.0312406]",Point,62467dfea912b9b694b3d1d8,5,"Wawel St,Addis Ababa, Ethiopia",[],,Tesfa Clinic (Medium),[],"[""+251 11 440 5528"",""+251911436554""]",[],Scraper,ethyp,
"[38.7271378,8.9932144]",Point,62467dfea912b9b694b3d1d9,5,"S Africa St,Addis Ababa, Ethiopia",[],,NAHOM DENTAL CLINIC,[],"[""+251 11 320 3454"",""+251 11 661 4714""]","[""https://www.ethyp.com/img/et/r/1634659792-14-nahom-dental-clinic.jpg"",""https://www.ethyp.com/img/et/s/1634659775-39-nahom-dental-clinic.jpg"",""https://www.ethyp.com/img/et/d/1634659655-99-nahom-dental-clinic.jpg"",""https://www.ethyp.com/img/et/d/1634659655-99-nahom-dental-clinic.jpg""]",Scraper,ethyp,https://www.facebook.com/Nahom-Special-Higher-Dental-Clinic-103057894882110/
,,62467dfea912b9b694b3d1da,5,"Africa Avenue Road Bole, Friendship Building,Addis Ababa, Ethiopia",[],,BUMRUNGRAD INTERNATIONAL HOSPITAL,[],"[""+251 116 616 472"",""+251 116 519 103"",""+251911527440""]","[""https://www.ethyp.com/img/et/x/1637262564-78-bumrungrad-international-hospital.png"",""https://www.ethyp.com/img/et/l/1637262551-48-bumrungrad-international-hospital.jpg""]",Scraper,ethyp,https://ethiopia.bumrungrad.com/en/
"[38.7324141,9.0112469]",Point,62467dfea912b9b694b3d1db,5,"2P6J+FXV,Addis Ababa, Ethiopia",[],,Tropical College of Medicine,[],"[""+251 11 320 2726"",""+251 58 771 6694""]","[""https://www.ethyp.com/img/et/n/1634837829-85-tropical-college-of-medicine.png"",""https://www.ethyp.com/img/et/c/1634837808-72-tropical-college-of-medicine.jpg""]",Scraper,ethyp,
"[38.6927748,9.004388]",Point,62467dfea912b9b694b3d1dc,5,"2M3V+Q42,Addis Ababa, Ethiopia",[],,BETEL HOSPITAL,[],"[""+251 11 349 5475"",""+251912893185""]","[""https://www.ethyp.com/img/et/j/1634658478-72-betel-hospital.jpg"",""https://www.ethyp.com/img/et/j/1634658541-71-betel-hospital.jpg""]",Scraper,ethyp,https://www.facebook.com/Bethel-Teaching-General-Hospital-194279617952065/
"[38.7473314,9.02384]",Point,62467dfea912b9b694b3d1dd,5,"P.O.Box 21714 code 1000,Addis Ababa, Ethiopia","[""+251115545732""]",,YORDANOS ORTHOPEDIC HOSPITAL,[],"[""+251 11 5545726"",""+251 11 5545727"",""+251 11 5545728"",""+251 11 5545729"",""+251 11 5545730""]","[""https://www.ethyp.com/img/et/e/1634582148-30-yordanos-orthopedic-hospital.jpg"",""https://www.ethyp.com/img/et/a/1634582138-38-yordanos-orthopedic-hospital.jpg""]",Scraper,ethyp,https://www.yordanoshospital.com/
"[38.7473314,9.02384]",Point,62467dfea912b9b694b3d1de,5,"P.O.Box 21714 code 1000,Addis Ababa, Ethiopia","[""+251115545732""]",,Yordanos Hospital,[],"[""+251 11 5545726"",""+251 11 5545727"",""+251 11 5545728"",""+251 11 5545729"",""+251 11 5545730""]","[""https://www.ethyp.com/img/et/d/1634580812-36-yordanos-hospital.jpg"",""https://www.ethyp.com/img/et/s/1634580806-63-yordanos-hospital.jpg""]",Scraper,ethyp,https://www.yordanoshospital.com/